province,Name,Architectural_style,Era,Longitude,Latitude,Summary,Image,Contact Info,Opening Hours,Link
北京市,房山云居寺塔及石经,古建筑,隋,115.7634108,39.60181086,房山云居寺塔及石经，位于北京市房山区大石窝镇水头村云居寺内，是由佛塔和石经组成的一组文化遗存，佛塔最早的建于唐景云二年（711年），是北京市最古老的一座唐塔，此外还有四座唐塔和一座辽塔。石经开凿于隋大业年间（605~617年）结束于明代，前后延续1000多年。,"https://bkimg.cdn.bcebos.com/pic/f603918fa0ec08fa513d5037f8a62a6d55fbb2fb6c40?x-bce-process=image/format,f_auto/quality,Q_70/resize,m_lfit,limit_1,w_536",,,https://baike.baidu.com/item/%E6%88%BF%E5%B1%B1%E4%BA%91%E5%B1%85%E5%AF%BA%E5%A1%94%E5%8F%8A%E7%9F%B3%E7%BB%8F/7609212
北京市,周口店遗址,古遗址,旧石器时代,115.9253494,39.68868523,"周口店遗址博物馆坐落在北京城西南房山区周口店龙骨山脚下，是一座古人类遗址博物馆，始建于1953年。1929年，中国古人类学家斐文中先主在龙骨山发掘出第一颗完整的“北京猿人”头盖骨化石，震撼了全世界。世界文化遗产、国家AAAA级景区、全国重点文物保护单位、全国百家爱国主义教育示范基地。距北京市区约48公里。是世界著名的古人类和古脊椎动物考古遗址，是“北京人”的发祥地。
周口店遗址属全国重点文物保护单位，位于北京市西南房山区周口店镇龙骨山北部，是世界上材料最丰富、最系统、最有价值的旧石器时代早期的人类遗址。1921年至1927年，考古学家先后三次在“北京人”洞穴遗址外发现三枚人类牙齿化石，1929年，又发现了北京人头盖骨化石，以及人工制作的工具和用火遗迹，遂成为震惊世界的重大考古发现。1930年在周口店遗址还发现距今约2万年前的山顶洞人化石和文化遗物。但随之而来的连年战乱，遗失了自1927年以来发现的全部北京人和山顶洞人的化石标本，迄今下落不明，这一事件成为20世纪考古史上的世界之谜。新中国成立后，恢复了对周口店遗址的发掘研究，获取了大量的宝贵资料，迄今为止，考古学家们已经发掘出代表40",https://r1.visitbeijing.com.cn/vbj-s/2015/1222/20151222051227309.jpg,010-69301090、010-53230037,周二至周日：9:00-16:30，16:00停止入场周一闭馆（不含国家法定节假日）,https://s.visitbeijing.com.cn/attraction/101537
北京市,万里长城－八达岭,古建筑,明,115.9707643,40.3609786,八达岭长城是北京最著名的长城段落，位于北京市延庆区，距离市中心约80公里。它是第一段对公众开放并且经过修复的长城，也是保存最完好的段落之一。八达岭长城在明代修建，以其宏伟的结构和战略地位而闻名，被联合国教科文组织列为世界文化遗产,https://www.thechinaguide.com/uploads/201707/17/596c4aef15fd1.jpg,,4月到10月：06:30 - 19:00；11月到3月：07:00 - 18:00,https://www.thechinaguide.com/sight/badaling-great-wall
北京市,居庸关云台,古建筑,元,116.0614747,40.28856579,"居庸关关城云台 居庸关以景色秀丽著名，早在八百年前，“叠翠居庸抱云台”就被金代皇帝钦定为“燕京八景”之一。始建于1342年的“云台”，雕工艺术精湛流畅，造型别致，图案精美，是元代石雕艺术的珍品，也是元代建筑艺术的代表作。
如今，掩映在杨柳红枫间的居庸新关，更有“花木长城”的美誉。 居庸关是万里长城的重要关口，有天下第一雄关之称，距北京约50公里，为保卫京师的屏障。与嘉峪关、山海关齐名，但因其地势险要，位列三关之首，为历代兵家必争之地。",https://r1.visitbeijing.com.cn/vbj-s/2012/1208/20121208013248528.jpg,010-69771665,旺季：9：00-17：00淡季：9：00-17：00,https://s.visitbeijing.com.cn/attraction/101252
北京市,十三陵,古墓葬,明,116.1894482,40.29397929,"明十三陵，坐落于天寿山麓，距离北京约五十公里。陵区周围群山环抱，中部为平原，陵前有小河曲折蜿蜒，山明水秀，景色宜人。十三座皇陵均依山而筑，分别建在东、西、北三面的山麓上，形成了体系完整、规模宏大、气势磅礴的陵寝建筑群。明代术士认为，这里是""风水""胜境，绝佳""吉壤""。因此被明朝选为营建皇陵的""万年寿域""。该陵园建于1409年，距今已有300—600多年历史。陵区占地面积达40平方公里，是中国乃至世界现存规模最大、帝后陵寝最多的一处皇陵建筑群。
十三陵是一个天然具有规格的山区，其山属太行余脉，西通居庸，北通黄花镇，南向昌平州，不仅是陵寝之屏障，实乃京师之北屏。太行山起泽州，蜿蜒绵亘北走千百里山脉不断，至居庸关，万峰矗立回翔盘曲而东，拔地而起为天寿山(原名黄土山)。山崇高正大，雄伟宽弘，主势强力。明末清初著名学者顾炎武曾写诗描述这里的优胜形势：“群山自南来，势若蛟龙翔;东趾踞卢龙，西脊驰太行;后尻坐黄花(指黄花镇)，前面临神京;中有万年宅，名曰康家庄;可容百万人，豁然开明堂。”这一优美的自然景观被封建统治者视为风水宝地",https://r1.visitbeijing.com.cn/vbj-s/2015/1123/20151123055734510.jpg,010-60761423，60761164,旺季开放时间：8:00-17:30（4月1日至10月31日）淡季开放时间：8:30-17:00（11月1日至次年3月31日）,https://s.visitbeijing.com.cn/attraction/101416
北京市,卢沟桥,近现代重要史迹及代表性建筑,元,116.2104415,39.84861868,卢沟桥位于北京市西南部，是一座横跨永定河的古老石桥。它建于1189年至1192年间，以桥上的石狮子闻名。1937年，卢沟桥事变在此发生，成为中国抗日战争的开端。,https://upload.wikimedia.org/wikipedia/commons/thumb/7/7a/Lugouqiao2.jpg/250px-Lugouqiao2.jpg,,,https://zh.wikipedia.org/wiki/%E5%8D%A2%E6%B2%9F%E6%A1%A5
北京市,颐和园,古建筑,清,116.2507581,39.98431137,"颐和园是中国现存规模最大、保存最完整的皇家园林，中国四大名园（另三座为承德避暑山庄、苏州拙政园、苏州留园）之一。位于北京市海淀区，距北京城区十五公里，占地约二百九十公顷。利用昆明湖、万寿山为基址，以杭州西湖风景为蓝本，汲取江南园林的某些设计手法和意境而建成的一座大型天然山水园，也是保存得最完整的一座皇家行宫御苑，被誉为皇家园林博物馆。
颐和园（Summer Palace）原是清朝帝王的行宫和花园，前身清漪园，为三山五园（三山是指万寿山、香山和玉泉山。三座山上分别建有三园清漪园、静宜园、静明园，此外还有附近的畅春园和圆明园，统称五园）中最后兴建的一座园林，始建于1750年，1764年建成，面积290公顷,水面约占四分之三。
乾隆继位以前，在北京西郊一带，已建起了四座大型皇家园林，从海淀到香山这四座园林自成体系，相互间缺乏有机的联系，中间的“瓮山泊”成了一片空旷地带。乾隆十五年（1750年），乾隆皇帝为孝敬其母孝圣皇后动用448万两白银在这里改建为清漪园，以此为中心把两边的四个园子连成一体，形成了从现清华园到香山长达二十公里的皇家园林区。
咸丰十年（1860年），清漪园被英法联军焚毁",https://r1.visitbeijing.com.cn/vbj-s/2016/0524/20160524013819820.jpg,010-62881077，62881144,一、公园开放时间旺季（4月1日-10月31日）：6:00开园，19:00停止入园，20:00闭园。淡季（11月1日-3月31日）：6:30开园，18:00停止入园，19:00闭园。二、景点院落开放时间（一）佛香阁、德和园、颐和园博物馆、苏州街旺季（4月1日-10月31日）：8:00开门，17:30停止进入，18:00关门。淡季（11月1日-3月31日）：8:30开门，16:30停止进入，17:00关门。以上景点逢周一关闭（法定节假日除外）。（二）霁清轩、谐趣园、益寿堂、清华轩、玉澜堂、耕织图水操学堂、南湖岛内院落旺季（4月1日-10月31日）：8:00开门，18:00关门。淡季（11月1日-3月31日）：8:30开门，17:00关门。益寿堂、霁清轩、南湖岛内院落、耕织图水操学堂景点逢周一关闭（法定节假日除外）。,https://s.visitbeijing.com.cn/attraction/101407
北京市,真觉寺金刚宝座（五塔寺塔）,古建筑,明,116.3242859,39.94256344,真觉寺金刚宝座塔，俗称五塔寺，位于北京市海淀区，建于明朝永乐年间。塔的建筑风格独特，融合了汉藏风格，因五座小塔排列在大塔之上而得名。,"https://bkimg.cdn.bcebos.com/pic/d043ad4bd11373f082021ddf2a595cfbfbedab64ae6f?x-bce-process=image/format,f_auto/quality,Q_70/resize,m_lfit,limit_1,w_536",,,https://baike.baidu.com/item/%E7%9C%9F%E8%A7%89%E5%AF%BA%E9%87%91%E5%88%9A%E5%AE%9D%E5%BA%A7/7609538
北京市,妙应寺白塔,古建筑,元,116.3570896,39.92266553,妙应寺白塔位于北京市西城区，是元代著名的藏传佛教寺院。白塔建于1271年，高50.9米，是中国现存最早、规模最大的藏式白塔。,"https://bkimg.cdn.bcebos.com/pic/e824b899a9014c086e067c80ae2d15087bf40ad15ec5?x-bce-process=image/format,f_auto/quality,Q_70/resize,m_lfit,limit_1,w_536",,,https://baike.baidu.com/item/%E5%A6%99%E5%BA%94%E5%AF%BA%E7%99%BD%E5%A1%94/3145776
北京市,北海及团城,古建筑,明,116.3856875,39.9319343,北海公园位于北京市中心，是中国保存最完整、历史最悠久的皇家园林之一。团城是北海公园中的一座小岛，岛上有许多珍贵的历史建筑。,"https://bkimg.cdn.bcebos.com/pic/64380cd7912397dda1446845d4d4a5b7d0a20cf42961?x-bce-process=image/format,f_auto/quality,Q_70/resize,m_lfit,limit_1,w_536",,,https://baike.baidu.com/item/%E5%8C%97%E6%B5%B7%E5%8F%8A%E5%9B%A2%E5%9F%8E/2486151
北京市,故宫,古建筑,明,116.3896137,39.92186203,"紫禁城南北长961m，东西宽753m，四面围有高10m的城墙，城外有宽52m的护城河,真可谓有金城汤池之固。紫禁城有四座城门，南面为午门，北面为神武门，东面为东华门，西面为西华门。城墙的四角，各有一座风姿绰约的角楼，民间有九梁十八柱七十二条脊之说，形容其结构的复杂。紫禁城内的建筑分为外朝和内廷两部分。外朝的中心为太和殿、中和殿、保和殿，统称三大殿，是国家举行大典礼的地方。三大殿左右两翼辅以文华殿、武英殿两组建筑。
　　内廷的中心是乾清宫、交泰殿、坤宁宫，统称后三宫，是皇帝和皇后居住的正宫。其后为御花园。后三宫两侧排列着东、西六宫，是后妃们居住休息的地方。东六宫东侧是天穹宝殿等佛堂建筑，西六宫西侧是中正殿等佛堂建筑。外朝、内廷之外还有外东路、外西路两部分建筑。外东路南部是皇子居住的撷芳殿，俗称南三所，北部是乾隆皇帝营建的太上皇宫殿——宁寿宫。外西路南部是皇太后居住的慈宁宫、寿康宫，北部除皇太后居住的寿安宫外，还有英华殿等佛堂建筑。",https://r1.visitbeijing.com.cn/vbj-s/2023/0331/7c2779dbdc46d8dfc64f56c374a2cc78.jpg,,旺季：8:30-17:00（4月1日至10月31日）淡季：8:30-16:30（11月1日至次年3月31日）提示：除法定节假日外，故宫博物院全年实行周一全天闭馆的措施,https://www.dpm.org.cn/Home.html
北京市,天安门,近现代重要史迹及代表性建筑,明,116.3912896,39.90742898,天安门是中国的标志性建筑，位于北京市中心。它始建于明朝永乐年间，是北京的象征性建筑之一，也是中国重要的政治和历史文化场所。,https://r1.visitbeijing.com.cn/vbj-s/2023/0331/fefbd719e6fb76b91c9be1363febd63d.jpg,,,https://s.visitbeijing.com.cn/attraction/101404
北京市,人民英雄纪念碑,近现代重要史迹及代表性建筑,近代,116.3913969,39.90498705,人民英雄纪念碑位于北京市天安门广场，是为了纪念在近代中国革命中牺牲的人民英雄而建造的。纪念碑于1958年建成，高37.94米，是新中国成立后的第一座大型纪念碑。,"https://bkimg.cdn.bcebos.com/pic/f7246b600c3387449d35df7c5e0fd9f9d72aa03a?x-bce-process=image/format,f_auto/quality,Q_70/resize,m_lfit,limit_1,w_536",,,https://baike.baidu.com/item/%E4%BA%BA%E6%B0%91%E8%8B%B1%E9%9B%84%E7%BA%AA%E5%BF%B5%E7%A2%91/315617
北京市,北京大学红楼,近现代重要史迹及代表性建筑,民国,116.3974427,39.92285634,京大学红楼位于北京市东城区沙滩北街，是北京大学的早期校址之一。它是中国新文化运动和五四运动的发源地之一，具有重要的历史意义。,https://sce.pku.edu.cn/images//content/2017-11/20171123202431595881.jpg?CSRFT=SJV6-3KAA-8IDB-JUDN-9R3E-I2I4-58MC-I3EZ,,,https://baike.baidu.com/item/%E5%8C%97%E4%BA%AC%E5%A4%A7%E5%AD%A6%E7%BA%A2%E6%A5%BC/7606620
北京市,天坛,古建筑,明,116.4002426,39.87814548,天坛位于北京市东城区，是明清两代皇帝祭天祈谷的地方。天坛以其宏伟的建筑和精湛的工艺著称，被联合国教科文组织列为世界文化遗产。,https://upload.wikimedia.org/wikipedia/commons/c/c7/Temple_of_Heaven_-_Hall_of_Prayer_for_Good_Harvests.jpg,,,https://zh.wikipedia.org/zh-tw/%E5%A4%A9%E5%9D%9B
北京市,国子监,古建筑,清,116.4069906,39.94457873,"位于东城区西北部。东起雍和宫大街，西至安定门内大街。因国子监，故名.首届“中国历史文化名街”之一。
国子监街，元时已然形成。明时称“国子监孔庙”。清时称成贤街。民国以后称国子监。1965年称国子监街。国子监街立有四座牌楼，街口的东西两座，额枋曰“成贤街”，“文革”之中一度改名红日北路九条，后恢复原称。国子监街多平房民居，保存着旧京街巷风貌。1984年定为北京市级文物保护街。其周围的胡同，不少与国子监相关，诸如国学胡同，箭厂胡同等。
国子监街是北京仅存有牌楼的街道。街上有四座牌楼，东西街口各一座，额题“成贤街”，国子监附近左右各一座，额题“国子监”。国子监街上还有祀唐代大文学家韩愈的韩文公祠、始建于明代的火神庙、祀灶王爷的灶君庙。",https://r1.visitbeijing.com.cn/vbj-s/2017/0719/20170719042705486.jpg,,,https://s.visitbeijing.com.cn/attraction/120690
北京市,雍和宫,古建筑,清,116.4109106,39.94623087,雍和宫，亦称为雍和寺或喇嘛庙，是北京市东城区的一座重要藏传佛教寺庙。它最初建于1694年，作为清朝雍正皇帝的王府，后在1744年改为喇嘛庙。雍和宫以其独特的汉、藏、满和蒙族建筑风格而闻名，是北京最大的藏传佛教寺庙之一,https://www.chinadiscovery.com/assets/images/beijing/lama-temple/lama-temple.jpg,,4月到10月：09:00 - 17:00；11月到3月：09:00 - 16:30,https://www.chinadiscovery.com/beijing/lama-temple.html
北京市,智化寺,古建筑,明,116.4261524,39.91584548,智化寺，位于北京市东城区，是明代正统年间修建的佛教寺庙。寺内的建筑风格融合了明代中期的汉族传统风格，以其精美的木雕和石雕闻名。,https://upload.wikimedia.org/wikipedia/commons/thumb/f/fc/%E6%99%BA%E5%8C%96%E9%97%A8.jpg/250px-%E6%99%BA%E5%8C%96%E9%97%A8.jpg,,,https://zh.wikipedia.org/wiki/%E6%99%BA%E5%8C%96%E5%AF%BA
北京市,延庆古崖居,古遗址,元,115.7691896,40.46171438,延庆古崖居位于北京市延庆区，是一处古代洞穴居住遗址，距今已有一千多年的历史。这里的洞穴建筑依山而建，展示了古代居民的智慧和生存技巧。,https://www.beijing.gov.cn/gate/big5/www.beijing.gov.cn/renwen/bjgk/yqgk/fg/202212/W020221202480236147787.jpg,,,
北京市,良乡多宝佛塔,古建筑,辽,116.1378454,39.73363747,良乡多宝佛塔，位于北京市房山区，是一座具有重要历史和文化价值的古塔，建于辽代，塔身八角十三层，造型独特。,"https://bkimg.cdn.bcebos.com/pic/cf1b9d16fdfaaf51e0d4dbda825494eef01f7a9b?x-bce-process=image/format,f_auto/quality,Q_70/resize,m_lfit,limit_1,w_536",,,https://www.google.com.hk/imgres?imgurl=https://upload.wikimedia.org/wikipedia/commons/5/5e/%25E8%2589%25AF%25E4%25B9%25A1%25E5%25A4%259A%25E5%25AE%259D%25E4%25BD%259B%25E5%25A1%2594.jpg&imgrefurl=https://zh.wikipedia.org/zh-cn/%25E8%2589%25AF%25E4%25B9%25A1%25E5%25A4%259A%25E5%25AE%259D%25E4%25BD%259B%25E5%25A1%2594&h=4208&w=3120&tbnid=Ja9ghe-VKoCBPM&q=%E8%89%AF%E4%B9%A1%E5%A4%9A%E5%AE%9D%E4%BD%9B%E5%A1%94&tbnh=150&tbnw=111&usg=AI4_-kRLZFeXuk8OnnEeZvm_q_5oWLi1FQ&vet=1&docid=anJVvDhWyyvNsM&sa=X&ved=2ahUKEwiizfCr1Z6GAxWJdvUHHdXpAuYQ9QF6BAgJEAQ
北京市,镇岗塔,古建筑,金,116.2811026,39.85718789,镇岗塔位于北京市大兴区，是一座明代古塔，塔身为砖石结构，高约30米。塔的建筑风格简洁朴素，具有浓厚的历史氛围。,https://zh.wikipedia.org/wiki/File:%E9%95%87%E5%B2%97%E5%A1%94.jpg,,,
北京市,灵岳寺,古建筑,元,115.6704223,39.99850385,灵岳寺位于北京市昌平区，是一座历史悠久的佛教寺院，建于明代，寺内保存有大量的古代佛教文物和建筑。,"https://bkimg.cdn.bcebos.com/pic/a686c9177f3e6709c93d9d648c91883df8dcd000ffab?x-bce-process=image/format,f_auto/watermark,image_d2F0ZXIvYmFpa2UyNzI,g_7,xp_5,yp_5,P_20/resize,m_lfit,limit_1,h_1080",,,
北京市,万松老人塔,古建筑,元,116.3596546,39.91091174,万松老人塔位于北京市怀柔区，是一座明代古塔，塔身七层，高约20米，塔的建筑风格简洁大方。,https://upload.wikimedia.org/wikipedia/commons/thumb/5/5c/Zhuanta3.jpg/180px-Zhuanta3.jpg,,,https://www.google.com.hk/imgres?imgurl=https://upload.wikimedia.org/wikipedia/commons/5/5c/Zhuanta3.jpg&imgrefurl=https://zh.wikipedia.org/zh/%25E4%25B8%2587%25E6%259D%25BE%25E8%2580%2581%25E4%25BA%25BA%25E5%25A1%2594&h=1788&w=1200&tbnid=Bu_5_zwwwCMCAM&q=%E4%B8%87%E6%9D%BE%E8%80%81%E4%BA%BA%E5%A1%94&tbnh=150&tbnw=101&usg=AI4_-kSbhEggFJEwBWZkdfwJhsnZk9G4sA&vet=1&docid=7dVxTPBUbwsCxM&sa=X&ved=2ahUKEwjm44iu1Z6GAxVrj68BHaLcALAQ9QF6BAgAEAQ
北京市,明北京城城墙遗存,古建筑,明,116.3511284,39.89893694,明北京城城墙遗存是北京明代城墙的部分残存，分布在北京的多个区域，展示了古代城防建筑的宏伟和坚固。,https://upload.wikimedia.org/wikipedia/commons/e/e1/%E6%98%8E%E5%8C%97%E4%BA%AC%E5%9F%8E%E5%9F%8E%E5%A2%99%E9%81%97%E5%AD%98%E4%B8%9C%E4%BE%BF%E9%97%A8%E6%AE%B5%E5%9B%BD%E4%BF%9D%E7%A2%91.JPG,,,https://www.google.com.hk/imgres?imgurl=https://upload.wikimedia.org/wikipedia/commons/thumb/6/6a/%25E6%2598%258E%25E5%258C%2597%25E4%25BA%25AC%25E5%259F%258E%25E5%259F%258E%25E5%25A2%2599%25E9%2581%2597%25E5%259D%2580%25E5%25B7%25A6%25E5%25AE%2589%25E9%2597%25A8%25E5%2580%25BC%25E6%2588%25BF%25E5%259B%25BD%25E4%25BF%259D%25E7%25A2%2591.JPG/640px-%25E6%2598%258E%25E5%258C%2597%25E4%25BA%25AC%25E5%259F%258E%25E5%259F%258E%25E5%25A2%2599%25E9%2581%2597%25E5%259D%2580%25E5%25B7%25A6%25E5%25AE%2589%25E9%2597%25A8%25E5%2580%25BC%25E6%2588%25BF%25E5%259B%25BD%25E4%25BF%259D%25E7%25A2%2591.JPG&imgrefurl=https://zh.m.wikipedia.org/wiki/File:%25E6%2598%258E%25E5%258C%2597%25E4%25BA%25AC%25E5%259F%258E%25E5%259F%258E%25E5%25A2%2599%25E9%2581%2597%25E5%259D%2580%25E5%25B7%25A6%25E5%25AE%2589%25E9%2597%25A8%25E5%2580%25BC%25E6%2588%25BF%25E5%259B%25BD%25E4%25BF%259D%25E7%25A2%2591.JPG&h=453&w=640&tbnid=MoO7n3U7XPWh0M&q=%E6%98%8E%E5%8C%97%E4%BA%AC%E5%9F%8E%E5%9F%8E%E5%A2%99%E9%81%97%E5%AD%98&tbnh=97&tbnw=137&usg=AI4_-kT2uFeIyjTBdDdRWHV932QurEsIiA&vet=1&docid=BiIvzo3th-4i7M&itg=1&sa=X&ved=2ahUKEwj_7pmv1Z6GAxX7kK8BHW3TBqIQ9QF6BAgAEAQ
北京市,姚广孝墓塔,古建筑,明,116.0796998,39.82378979,姚广孝墓塔位于北京市大兴区，是明代著名僧人姚广孝的墓塔，塔身为砖石结构，具有重要的历史和文化价值。,https://upload.wikimedia.org/wikipedia/commons/thumb/3/32/%E5%A7%9A%E5%B9%BF%E5%AD%9D%E5%A2%93%E5%A1%94.jpg/250px-%E5%A7%9A%E5%B9%BF%E5%AD%9D%E5%A2%93%E5%A1%94.jpg,,,https://www.google.com.hk/imgres?imgurl=https://upload.wikimedia.org/wikipedia/commons/thumb/3/32/%25E5%25A7%259A%25E5%25B9%25BF%25E5%25AD%259D%25E5%25A2%2593%25E5%25A1%2594.jpg/640px-%25E5%25A7%259A%25E5%25B9%25BF%25E5%25AD%259D%25E5%25A2%2593%25E5%25A1%2594.jpg&imgrefurl=https://zh.wikipedia.org/zh-cn/%25E5%25A7%259A%25E5%25B9%25BF%25E5%25AD%259D%25E5%25A2%2593%25E5%25A1%2594&h=960&w=640&tbnid=P_c5YBCXbk95TM&q=%E5%A7%9A%E5%B9%BF%E5%AD%9D%E5%A2%93%E5%A1%94&tbnh=148&tbnw=99&usg=AI4_-kSswjumaQCdwKBE-vtIv-NSbust6Q&vet=1&docid=i3tw_FkxCiCplM&sa=X&ved=2ahUKEwinnPqv1Z6GAxWXjq8BHadrATIQ9QF6BAgJEAQ
北京市,摩诃庵,古建筑,明,116.2877524,39.92812526,摩诃庵位于北京市西城区，是一座明代佛教寺庙，以其独特的建筑风格和丰富的历史背景而闻名。,,,,
北京市,琉璃河大桥,古建筑,明,116.023503,39.60314442,琉璃河大桥位于北京市房山区，是一座历史悠久的古桥，建于明代，以其精美的石刻和独特的建筑风格闻名。,https://zh.wikipedia.org/wiki/File:%E7%90%89%E7%92%83%E6%B2%B3%E5%A4%A7%E6%A1%A5.jpg,,,https://www.google.com.hk/imgres?imgurl=https://www.bjfsh.gov.cn/zjfs/lswh/wwbh/201909/W020190902607590509608.jpg&imgrefurl=https://www.bjfsh.gov.cn/zjfs/lswh/wwbh/201909/t20190902_39970732.shtml&h=330&w=440&tbnid=b8fu_FNFRWmWFM&q=%E7%90%89%E7%92%83%E6%B2%B3%E5%A4%A7%E6%A1%A5&tbnh=95&tbnw=127&usg=AI4_-kQWx7j4lMeP2C1bIgYW8Ms9Kxz7sQ&vet=1&docid=1NG6HhyYVnglLM&itg=1&sa=X&ved=2ahUKEwi4prSx1Z6GAxVyj68BHRHfAP8Q9QF6BAgAEAQ
北京市,慈寿寺塔,古建筑,明,116.2876411,39.93157228,慈寿寺塔位于北京市西城区，是一座明代古塔，塔身八角十三层，造型独特，具有重要的历史和文化价值。,"https://bkimg.cdn.bcebos.com/pic/c2cec3fdfc03924531ae03768894a4c27d1e25b4?x-bce-process=image/format,f_auto/quality,Q_70/resize,m_lfit,limit_1,w_536",,,
北京市,文天祥祠,古建筑,明,116.4039609,39.93448011,"北京文天祥祠:又名文丞相祠,坐落在东城区府学胡同63号,是南宋民族英雄文天祥当年遭囚禁和就义的地方。1376年明洪武九年建祠,现存大门、前殿、后殿。 江心寺文天祥祠:位于浙江温州江心屿。祠建于明成化十八年(1482年)文天祥就义200周年,占地面积821平方米。信国公文天祥祠:位于深圳南山区南头城现中山东路15号,是清嘉庆年间为纪念民族英雄文天祥修建的一座祠堂。这座具有纪念意义的古迹,是南头城中保存最为完整并规模最大的古建筑。南通文天祥祠:位于南通市东华塔陵园东侧。2008年,崇川区政府恢复重建了文天祥祠。
文天祥,字履善,号文山,南宋德佑二年(1276年)任右丞相。1278年元兵进犯,奋力抗元,后兵败被俘,掳至大都,囚禁在兵马司土牢达四年。文天祥面对元统治者的软硬兼施、恩威并用毫不动摇,誓死不降,在狱中写下了千古不朽的正气歌,凛然正气表现了他的民族气节。
北京文天祥祠坐落在东城区府学胡同63号,明清两代为祭祀南宋抗元英雄文天祥 ,将当年文天祥被囚禁的土牢旧址扩大改建而成,至今仍保持明代的建筑风格。1984年10月对外开放。祠堂坐南,由大门、过厅、堂屋等三部分组成,面积近600平方",https://r1.visitbeijing.com.cn/vbj-s/2013/0328/20130328101932311.jpg,6401 4968,,https://s.visitbeijing.com.cn/attraction/118155
北京市,普度寺,古建筑,清,116.3984148,39.91203284,普度寺位于北京市海淀区，是一座历史悠久的佛教寺庙，建于明朝，寺内有大量的佛教文物和古代建筑。,https://zh.wikipedia.org/wiki/File:Pudu_Temple_in_Beijing2021.jpg,,,
北京市,克勤郡王府,古建筑,清,116.3630373,39.9031926,克勤郡王府是国家重点文物保护单位，为清代现存规模较好的一座王府，此府是顺治年间所建。原占地面积不大，平面布局与王府规制尚符。克勤王府历经了清王朝由鼎盛而至衰亡的历史进程，承载了极其丰富的历史文化信息。 清室覆亡后，府邸的产权曾归属辅熊希龄，21世纪初，克勤郡王府修葺一新，恢复昔日风貌。府路南影壁尚存，府前部只存东翼楼。后部的内门、后寝与东西配房、后罩房均保存完整。西部跨院也存大部原有建筑。,https://r1.visitbeijing.com.cn/vbj-s/2017/0814/20170814022855869.jpg,,,https://s.visitbeijing.com.cn/attraction/120794
北京市,东堂,近现代重要史迹及代表性建筑,清,116.4101171,39.92695235,东堂，又称圣若瑟堂，是北京四大天主教堂之一，位于王府井大街。它建于1655年，是中国历史最悠久的天主教堂之一，具有浓厚的历史和宗教意义。,https://upload.wikimedia.org/wikipedia/commons/thumb/4/49/East_church02.jpg/180px-East_church02.jpg,电话: +86 10 6524 0634,,https://zh.wikipedia.org/wiki/%E7%8E%8B%E5%BA%9C%E4%BA%95%E5%A4%A9%E4%B8%BB%E5%A0%82
北京市,基督教中华圣公会教堂,近现代重要史迹及代表性建筑,清,116.3669335,39.92000114,中华圣公会教堂位于北京市东城区，是一座重要的基督教堂，具有丰富的历史和文化背景。,https://upload.wikimedia.org/wikipedia/commons/thumb/a/a3/Wall_Beijing_Anglican_Church.jpg/200px-Wall_Beijing_Anglican_Church.jpg,,,https://zh.wikipedia.org/wiki/%E4%B8%AD%E5%8D%8E%E5%9C%A3%E5%85%AC%E4%BC%9A%E6%95%91%E4%B8%BB%E5%A0%82
北京市,京张铁路南口段至八达岭段,近现代重要史迹及代表性建筑,清,115.9980636,40.35699144,京张铁路是中国第一条自主设计和建造的铁路，南口段至八达岭段是其重要组成部分。该段铁路展示了中国早期铁路建设的成就和历史。,https://zh.wikipedia.org/wiki/File:Jztl-6.jpg,,,https://www.google.com.hk/imgres?imgurl=https://upload.wikimedia.org/wikipedia/commons/thumb/8/86/%25E4%25BA%25AC%25E5%25BC%25A0%25E9%2593%2581%25E8%25B7%25AF%25E5%258D%2597%25E5%258F%25A3%25E6%25AE%25B5%25E8%2587%25B3%25E5%2585%25AB%25E8%25BE%25BE%25E5%25B2%25AD%25E6%25AE%25B5%25E5%259B%25BD%25E4%25BF%259D%25E7%25A2%2591.JPG/1200px-%25E4%25BA%25AC%25E5%25BC%25A0%25E9%2593%2581%25E8%25B7%25AF%25E5%258D%2597%25E5%258F%25A3%25E6%25AE%25B5%25E8%2587%25B3%25E5%2585%25AB%25E8%25BE%25BE%25E5%25B2%25AD%25E6%25AE%25B5%25E5%259B%25BD%25E4%25BF%259D%25E7%25A2%2591.JPG&imgrefurl=https://zh.m.wikipedia.org/wiki/File:%25E4%25BA%25AC%25E5%25BC%25A0%25E9%2593%2581%25E8%25B7%25AF%25E5%258D%2597%25E5%258F%25A3%25E6%25AE%25B5%25E8%2587%25B3%25E5%2585%25AB%25E8%25BE%25BE%25E5%25B2%25AD%25E6%25AE%25B5%25E5%259B%25BD%25E4%25BF%259D%25E7%25A2%2591.JPG&h=841&w=1200&tbnid=AFG7PgtcCUK4cM&q=%E4%BA%AC%E5%BC%A0%E9%93%81%E8%B7%AF%E5%8D%97%E5%8F%A3%E6%AE%B5%E8%87%B3%E5%85%AB%E8%BE%BE%E5%B2%AD%E6%AE%B5&tbnh=105&tbnw=150&usg=AI4_-kR2bteVcQjrV5kHuWHHkyGoD32hHA&vet=1&docid=Ocv-zJuvJnZ73M&itg=1&sa=X&ved=2ahUKEwj6l9y21Z6GAxVPnK8BHUckB9sQ9QF6BAgKEAQ
北京市,通州近代学校建筑群,近现代重要史迹及代表性建筑,清,116.6505503,39.90884394,通州近代学校建筑群位于北京市通州区，是一组具有重要教育和历史意义的建筑，展示了近代教育的发展历程。,,,,https://www.google.com.hk/imgres?imgurl=https://upload.wikimedia.org/wikipedia/commons/2/2d/%25E7%25BA%25A2%25E6%25A5%25BC%25EF%25BC%258C%25E5%258E%259F%25E5%2590%258D%25EF%25BC%259A%25E8%25B0%25A2%25E6%25B0%258F%25E6%25A5%25BC.jpg&imgrefurl=https://zh.m.wikipedia.org/wiki/%25E6%25BD%259E%25E6%25B2%25B3%25E4%25B9%25A6%25E9%2599%25A2&h=1536&w=2048&tbnid=c8BCIHYLKjJs2M&q=%E9%80%9A%E5%B7%9E%E8%BF%91%E4%BB%A3%E5%AD%A6%E6%A0%A1%E5%BB%BA%E7%AD%91%E7%BE%A4&tbnh=113&tbnw=150&usg=AI4_-kT2cIeVh-kAca2lTWrX8kyRN_DRRA&vet=1&docid=ljy6i3ySfsIv5M&sa=X&ved=2ahUKEwju_sS31Z6GAxXikK8BHTnkADEQ9QF6BAgAEAQ
北京市,西交民巷近代银行建筑群,近现代重要史迹及代表性建筑,清,116.3791305,39.90066251,西交民巷是北京金融历史的重要见证，这里集中了一批近代银行建筑，展示了中国金融业的早期发展。,"https://bkimg.cdn.bcebos.com/pic/a8ec8a13632762d0f70327c4fdb41ffa513d2697680d?x-bce-process=image/format,f_auto/quality,Q_70/resize,m_lfit,limit_1,w_536",,,
北京市,辅仁大学本部旧址,近现代重要史迹及代表性建筑,清,116.377205,39.93375057,辅仁大学本部旧址位于北京市西城区，是一座具有重要历史和教育意义的建筑，见证了中国近代教育的发展。,,,,https://www.google.com.hk/imgres?imgurl=https://imagepphcloud.thepaper.cn/pph/image/192/113/181.jpg&imgrefurl=https://www.thepaper.cn/newsDetail_forward_17841007&h=454&w=680&tbnid=KxxKkk_yrC-DUM&q=%E8%BE%85%E4%BB%81%E5%A4%A7%E5%AD%A6%E6%9C%AC%E9%83%A8%E6%97%A7%E5%9D%80&tbnh=93&tbnw=139&usg=AI4_-kRNKaJ4LKY0PrA1biWFhIy9wyzHsQ&vet=1&docid=yOqeX9GFMxW1JM&sa=X&ved=2ahUKEwjP9ui41Z6GAxVdjK8BHTHfAjAQ9QF6BAgAEAQ
北京市,盛新中学与佑贞女中旧址,近现代重要史迹及代表性建筑,民国,116.3596546,39.91091174,盛新中学与佑贞女中旧址位于北京市东城区，是两所具有重要历史和教育意义的学校旧址，展示了中国近代教育的发展历程。,,,,https://www.google.com.hk/imgres?imgurl=https://upload.wikimedia.org/wikipedia/commons/6/61/%25E7%259B%259B%25E6%2596%25B0%25E4%25B8%25AD%25E5%25AD%25A6%25E4%25B8%258E%25E4%25BD%2591%25E8%25B4%259E%25E5%25A5%25B3%25E4%25B8%25AD%25E6%2597%25A7%25E5%259D%2580%25E6%2596%2587%25E4%25BF%259D%25E7%25A2%2591.jpg&imgrefurl=https://zh.wikipedia.org/zh-cn/%25E7%259B%259B%25E6%2596%25B0%25E4%25B8%25AD%25E5%25AD%25A6%25E4%25B8%258E%25E4%25BD%2591%25E8%25B4%259E%25E5%25A5%25B3%25E4%25B8%25AD%25E6%2597%25A7%25E5%259D%2580&h=3120&w=4208&tbnid=BctrtO9mpRslAM&q=%E7%9B%9B%E6%96%B0%E4%B8%AD%E5%AD%A6%E4%B8%8E%E4%BD%91%E8%B4%9E%E5%A5%B3%E4%B8%AD%E6%97%A7%E5%9D%80&tbnh=111&tbnw=150&usg=AI4_-kS_zU91h94joz-imqplLy9pFWBiPQ&vet=1&docid=4r9ZynyDM-n1HM&sa=X&ved=2ahUKEwjJvcq51Z6GAxUPla8BHazEAQ4Q9QF6BAgJEAQ
北京市,四九一电台旧址,近现代重要史迹及代表性建筑,民国,116.5710599,39.89181352,"四九一电台旧址位于北京市，是中国早期无线电广播事业的重要遗址，具有重要的历史和文化价值。
",,,,"https://www.google.com.hk/imgres?imgurl=https://bkimg.cdn.bcebos.com/smart/4afbfbedab64034fc285cdbaaec379310b551dc5-bkimg-process,v_1,rw_1,rh_1,pad_1,color_ffffff?x-bce-process%3Dimage/format,f_auto&imgrefurl=https://baike.baidu.com/item/%25E5%259B%259B%25E4%25B9%259D%25E4%25B8%2580%25E7%2594%25B5%25E5%258F%25B0%25E6%2597%25A7%25E5%259D%2580/5882680&h=422&w=422&tbnid=p3rqfoYAXHeWcM&q=%E5%9B%9B%E4%B9%9D%E4%B8%80%E7%94%B5%E5%8F%B0%E6%97%A7%E5%9D%80&tbnh=126&tbnw=126&usg=AI4_-kT-2Hz_hazElqboPvMBiBdAG2gdJQ&vet=1&docid=yU4HjnqEiCw9aM&sa=X&ved=2ahUKEwib6Ky61Z6GAxXtcfUHHfdYBkoQ9QF6BAgBEAQ"
北京市,李大钊旧居,近现代重要史迹及代表性建筑,近代,116.3596546,39.91091174,"李大钊故居位于北京市西城区文华胡同24号，北京市级文物保护单位，西城区爱国主义教育基地。李大钊于1916年夏至1927年春在北京工作生活10年，先后居住过8个地方。1920年春至1924年1月，李大钊及其家人在原石附马大街后宅35号(今西城区文华胡同24号)北院居住，这是他在故乡之外与家人生活时间最长的一处居所。1979年被公布为北京市文物保护单位。
　　故居为一小三合院，占地面积约550平方米，有北房3间，东、西耳房各2间，东、西厢房各3间。其中北房东屋为李大钊夫妇的卧室，东耳房为李大钊的长女李星华的卧室，东厢房北间为李大钊长子李葆华的卧室，南间是客房。西厢房为李大钊的书房。
　　党史专家一致认为，北京李大钊故居是李大钊传播马克思主义、创办中国共产党、领导北方工人运动、促成第一次国共合作等一系列革命实践活动最具代表性的历史见证。
　　李大钊所提出的关于中国革命的性质、任务、特点等一系列论述，为中国共产党开创了把马克思主义与中国革命具体实践相结合的光辉先例，他的大量论著，有待于我们继续进行深入的探索和研究。",https://r1.visitbeijing.com.cn/vbj-s/2012/1208/20121208011655278.jpg,010-66089208,,https://s.visitbeijing.com.cn/attraction/101784
北京市,长辛店二七大罢工旧址,近现代重要史迹及代表性建筑,民国,116.2013631,39.82223153,"长辛店二七大罢工旧址位于北京市丰台区长辛店，是中国工人运动历史上的重要遗址，纪念1923年京汉铁路工人大罢工事件。
",,,,
北京市,基督教中华圣经会北京分会旧址,近现代重要史迹及代表性建筑,民国,116.3716583,39.91334435,"基督教中华圣经会北京分会旧址是中国基督教历史上的重要场所，位于北京市西城区，曾是圣经会的主要活动地点。
",,,,
北京市,北京大学地质学馆旧址,近现代重要史迹及代表性建筑,民国,116.2993743,39.9882081,"北京大学地质学馆旧址是北京大学的早期建筑之一，位于北京市海淀区，为中国地质学的发展做出了重要贡献。
",https://upload.wikimedia.org/wikipedia/commons/4/48/%E5%8C%97%E4%BA%AC%E5%A4%A7%E5%AD%A6%E5%9C%B0%E8%B4%A8%E5%AD%A6%E9%A6%86%E6%97%A7%E5%9D%80%E5%9B%BD%E4%BF%9D%E7%A2%91.JPG,,,https://www.google.com.hk/imgres?imgurl=https://upload.wikimedia.org/wikipedia/commons/thumb/0/0a/%25E5%258C%2597%25E4%25BA%25AC%25E5%25A4%25A7%25E5%25AD%25B8%25E5%259C%25B0%25E8%25B3%25AA%25E5%25AD%25B8%25E9%25A4%25A81.jpg/2560px-%25E5%258C%2597%25E4%25BA%25AC%25E5%25A4%25A7%25E5%25AD%25B8%25E5%259C%25B0%25E8%25B3%25AA%25E5%25AD%25B8%25E9%25A4%25A81.jpg&imgrefurl=https://zh.m.wikipedia.org/wiki/File:%25E5%258C%2597%25E4%25BA%25AC%25E5%25A4%25A7%25E5%25AD%25B8%25E5%259C%25B0%25E8%25B3%25AA%25E5%25AD%25B8%25E9%25A4%25A81.jpg&h=1920&w=2560&tbnid=0VZ-Z6rkmwif3M&q=%E5%8C%97%E4%BA%AC%E5%A4%A7%E5%AD%A6%E5%9C%B0%E8%B4%A8%E5%AD%A6%E9%A6%86%E6%97%A7%E5%9D%80&tbnh=113&tbnw=150&usg=AI4_-kTlZHM25fOQIYLm2HatB2R3LHZtDA&vet=1&docid=HWe3J2c3EEDcNM&itg=1&sa=X&ved=2ahUKEwjb2oe91Z6GAxVwfPUHHcwNAVQQ9QF6BAgKEAQ
北京市,焦庄户地道战遗址,近现代重要史迹及代表性建筑,民国,116.8641478,40.23272285,"焦庄户地道战遗址位于北京市顺义区，是抗日战争时期的一个重要战斗遗址，展示了中国人民在抗战中的英勇事迹。
",,,,https://www.google.com.hk/imgres?imgurl=https://www.beijing.gov.cn/renwen//sy/whkb/202211/W020221122351927144686.jpg&imgrefurl=https://www.beijing.gov.cn/renwen//sy/whkb/202211/t20221122_2863691.html&h=510&w=680&tbnid=Z2-mpnwnUtzuMM&q=%E7%84%A6%E5%BA%84%E6%88%B7%E5%9C%B0%E9%81%93%E6%88%98%E9%81%97%E5%9D%80&tbnh=104&tbnw=139&usg=AI4_-kSBrU9iHbPYw8phFxd6FJZMzBeA5Q&vet=1&docid=KXwnH2TrFu99ZM&sa=X&ved=2ahUKEwj8_-m91Z6GAxXMa_UHHQIUAPwQ9QF6BAgKEAQ
北京市,梅兰芳旧居,近现代重要史迹及代表性建筑,近代,116.3596546,39.91091174,"梅兰芳旧居位于北京市西城区，是京剧大师梅兰芳的故居，展示了他的生活和艺术成就。
",https://upload.wikimedia.org/wikipedia/commons/thumb/3/3d/Mei_Lanfang_Memorial_House.JPG/1280px-Mei_Lanfang_Memorial_House.JPG,,,
北京市,琉璃河遗址,古遗址,西周,116.1105712,39.60557756,"琉璃河遗址位于北京市房山区，是一处重要的古代遗址，展示了早期人类文明的发展。
",,,,
北京市,法海寺,古建筑,明,116.1531633,39.94017751,"法海寺位于北京市石景山区，是一座明代古寺，以其壁画和建筑艺术闻名。
",,,,
北京市,圆明园遗址,古遗址,清,116.2908589,40.00752469,"圆明园坐落在北京西郊海淀区，与颐和园紧相毗邻。它始建于康熙46年(1709年)，亦称“圆明三园”，是圆明园及其附园长春园、万春园的统称，是清代行宫式御园，占地350公顷(5200余亩)，其中水面面积约140公顷(2100亩)，有园林风景百余处，是清朝帝王在150余年间创建和经营的一座大型皇家宫苑。
　　“圆明园”由康熙皇帝命名。“圆明”是雍正皇帝自皇子时期一直使用的佛号。康熙皇帝在把园林赐给胤禛(后为雍正皇帝)时，亲题园名为“圆明园”正是取意于此。雍正皇帝解释说“圆明”二字的含义是：“圆而入神，君子之时中也;明而普照，达人之睿智也。”意思是说，“圆”是指个人品德圆满无缺，超越常人;“明”是指政治业绩明光普照，完美明智。
　　圆明园继承了中国三千多年的优秀造园传统，既有宫廷建筑的雍容华贵，又有江南水乡园林的委婉多姿，同时，又吸取了欧洲的园林建筑形式，把不同风格的园林建筑融为一体，在整体布局上使人感到和谐完美，体现了中国古代造园艺术之精华，是当时最出色的一座大型园林。乾隆皇帝说它：“实天宝地灵之区，帝王豫游之地，无以逾此”。圆明园不仅以园林著称，而且也是一座收藏相当丰富的皇家博物馆",https://r1.visitbeijing.com.cn/vbj-s/2015/1203/20151203052827223.jpg,010-62543673,开放时间：4 月1日至 10 月31日，公园大门 6:00 开园，7:00 开始售票，19:00停止售票、停止入园，21:00 闭园；西洋楼遗址景区 7:00 开门，19:00 停止进入，21:00 关门；盛时全景模型展景区 7:00 开门，19:00 关门11月1日至次年 3月31 日，公园大门 6:30 开园，7:00 开始现场售票，17:30 停止售票、停止入园，19:30 闭园；西洋楼遗址景区 7:00 开门，17:30 停止进入，19:30 关门；盛时全景模型展景区 7:00 开门，17:30 关门。,https://s.visitbeijing.com.cn/attraction/101422
北京市,银山塔林,古建筑,金,116.3228822,40.31663527,"银山塔林位于北京市昌平区，是北京规模最大的古塔群，由大量的辽塔组成。这里不仅是佛教圣地，也是京郊一个著名的爬山胜地。
",,,,
北京市,天宁寺塔,古建筑,辽,116.3398201,39.89375372,"天宁寺塔位于北京市西城区，是一座具有重要历史和文化价值的古塔，建于辽代，塔身高耸，造型壮观。
",,,,
北京市,牛街礼拜寺,古建筑,明,116.3577035,39.88410587,"牛街礼拜寺是北京市最大的清真寺，位于西城区，以其悠久的历史和独特的建筑风格著称。始建于10世纪，是中国历史最悠久的清真寺之一。
",,,,
北京市,郭沫若故居,近现代重要史迹及代表性建筑,近代,116.3832359,39.93330974,"郭沫若故居位于北京市西城区，是中国现代文学巨匠郭沫若的故居，展示了他的生活和文学成就。
",,,,
北京市,社稷坛,古建筑,明,116.3887069,39.90934789,"社稷坛位于北京市东城区，是明清两代皇帝祭祀土地和谷物神的场所，具有重要的历史和文化意义。
",,,,
北京市,正阳门,古建筑,明,116.3916076,39.89929723,"正阳门是北京城的正南门，位于天安门广场南端，始建于明朝，是北京市的重要地标之一。
",,,,https://www.google.com.hk/imgres?imgurl=https://upload.wikimedia.org/wikipedia/commons/3/3e/Zhengyangmen_%2528gatehouse%2529_2010_April.jpg&imgrefurl=https://zh.wikipedia.org/zh-cn/%25E6%25AD%25A3%25E9%2598%25B3%25E9%2597%25A8&h=2560&w=3840&tbnid=Q3a09Rnktp5Z-M&q=%E6%AD%A3%E9%98%B3%E9%97%A8&tbnh=100&tbnw=150&usg=AI4_-kTJ0tFQd1uhud01c8NGLu63TnsY_w&vet=1&docid=r1-Ttx1tAZMhFM&sa=X&ved=2ahUKEwiGu8XE1Z6GAxWCoa8BHe1PBZIQ9QF6BAgCEAQ
北京市,太庙,古建筑,明,116.3930665,39.90715645,太庙是中国古代皇帝的宗庙。太庙在夏朝时称为“世室”，殷商时称为“重屋”，周称为“明堂”，秦汉时起称为“太庙”。最早太庙只是供奉皇帝先祖的地方。后来皇后和功臣的神位在皇帝的批准下也可以被供奉在太庙。太庙平面呈长方形，南北长475米，东西宽294米，共有三重围墙，由前、中、后三大殿构成三层封闭式庭园。大殿耸立于整个太庙建筑群的中心，面阔十一间，进深四间，建筑面积达2240平方米;重檐庑殿顶，三重汉白玉须弥座式台基，四周围石护栏;殿内的主要梁栋外包沉香木，别的建筑构件均为名贵的金丝楠木。,https://r1.visitbeijing.com.cn/vbj-s/2019/0712/20190712014001951.jpg,(010)65252189,开放时间：08：00-20：00,https://s.visitbeijing.com.cn/attraction/119894
北京市,京孔庙,古建筑,元,116.4085138,39.94425952,"京孔庙位于北京市东城区，是中国历史上重要的儒家祭祀场所，具有深厚的文化底蕴和历史意义。
",,,,"https://www.google.com.hk/imgres?imgurl=https://5b0988e595225.cdn.sohucs.com/q_70,c_zoom,w_640/images/20190808/09b57369caf2450785d981180a36a068.jpeg&imgrefurl=https://www.sohu.com/a/332342850_100016548&h=426&w=640&tbnid=o035YPq6LPyNaM&q=%E4%BA%AC%E5%AD%94%E5%BA%99&tbnh=91&tbnw=137&usg=AI4_-kRjv1TuA-dkE1tPX6eklNjDv50Pzw&vet=1&docid=tz12CYld9U-8JM&itg=1&sa=X&ved=2ahUKEwipk6DF1Z6GAxVlbfUHHZLyCcoQ9QF6BAgAEAQ"
北京市,崇礼住宅,古建筑,清,116.4186495,39.92867535,"崇礼住宅是北京市的一座具有历史和建筑价值的古建筑，展示了中国传统民居的特色。
",,,,
北京市,北京市城东南角楼,古建筑,明,116.441858,39.907394,"北京市城东南角楼是北京古城墙的一部分，展示了古代城防建筑的宏伟和坚固。
",,,,https://www.google.com.hk/imgres?imgurl=https://upload.wikimedia.org/wikipedia/commons/thumb/9/9c/Beijing_Southeast_Corner_Tower_%252820210917085427%2529.jpg/1200px-Beijing_Southeast_Corner_Tower_%252820210917085427%2529.jpg&imgrefurl=https://zh.wikipedia.org/zh-cn/%25E5%258C%2597%25E4%25BA%25AC%25E5%2586%2585%25E5%259F%258E%25E4%25B8%259C%25E5%258D%2597%25E8%25A7%2592%25E6%25A5%25BC&h=800&w=1200&tbnid=3KeGPEhbevJpMM&q=%E5%8C%97%E4%BA%AC%E5%B8%82%E5%9F%8E%E4%B8%9C%E5%8D%97%E8%A7%92%E6%A5%BC&tbnh=100&tbnw=150&usg=AI4_-kSJnGHbd9kNkUNtsT2cr8pFf0cS7g&vet=1&docid=fdRBAHvjJbRjgM&sa=X&ved=2ahUKEwjf1PDG1Z6GAxVRm68BHQ_uCcEQ9QF6BAgLEAQ
北京市,北京宋庆龄故居,近现代重要史迹及代表性建筑,近代,116.3065917,39.9980715,"宋庆龄同志故居坐落在北京风景秀丽的什刹海后海北沿。门前水天相映、碧波涟漪，堤岸杨柳轻扬，院内曲径回廊，楼堂亭榭；湖水环绕，山石嶙峋；绿树浓荫，花香四溢。是一处雍容典雅、幽静别致的庭园。故居占地面积两万多平方米，建筑面积约五千平方米。原是中国末代皇帝爱新觉罗·溥仪的父亲醇亲王载沣的府邸花园，也称西花园。
　　中华人民共和国成立后，党和政府就计划为宋庆龄在北京修建一处住所，但她一再逊谢。1962年，周恩来总理受党和政府的委托，亲自筹划，决定藉此王府花园，精心设计改造葺旧更新，在原来主体建筑迤西，接建一座“中西合璧”的二层主楼，作为宋庆龄的住所。1963年4月，宋庆龄迁居于此，1981年5月29日逝世，共在这里工作生活了18个春秋。1981年5月16日，全国人大常委会决定授予宋庆龄同志“中华人民共和国名誉主席”荣誉称号。1981年10月中央决定把此处住所命名为“中华人民共和国名誉主席宋庆龄同志故居”，并由国务院确定为全国重点文物保护单位。之后，在邓颖超、廖承志等中央领导同志的亲切关怀和直接领导下，对故居进行了全面修整，保留和恢复了宋庆龄生前工作、生活原貌，以其原状进行陈列，在全国范围内",https://r1.visitbeijing.com.cn/vbj-s/2015/0512/20150512020452549.jpg,010-64044205-815、010-64044205、010-64015256,夏令：9：00-17：30，17：00停止入场，周一固定闭馆冬令：9：00-16：30，周一固定闭馆,http://www.sql.org.cn/
北京市,恭王府及花园,古建筑,清,116.3800518,39.93541175,恭王府位於中國北京市西城區前海西街17號，是清朝後期恭親王奕訢的府邸及花園，現在是全國重點文物保護單位。恭王府花園在20世紀90年代作為旅遊景點對外開放，而恭王府主體建築也在2008年北京奧運會舉辦時修繕完畢，並向公眾開放。,https://k.sinaimg.cn/n/sinacn10110/256/w640h416/20191113/ebd9-iieqapu4163310.jpg/w700d1q75cms.jpg,,,https://k.sina.cn/article_7021939340_p1a28a4a8c00100kwlw.html
北京市,皇史城,古建筑,明,116.3972336,39.90805469,皇史宬，位於北京市東城區南池子大街15號，是中國明、清時期的皇家檔案館，中國現存最古老、最完整的皇家檔案庫建築群。,,,,https://www.google.com.hk/imgres?imgurl=http://h.bytravel.cn/www/15/head/14846.gif&imgrefurl=http://www.bytravel.cn/landscape/15/huangshicheng.html&h=267&w=400&tbnid=NDCw0K053ez1NM&q=%E7%9A%87%E5%8F%B2%E5%9F%8E&tbnh=83&tbnw=124&usg=AI4_-kR-5rG0_bjkeWBfDbM1j6eToOHebA&vet=1&docid=B4oTiEXYnUHNmM&sa=X&ved=2ahUKEwjroKzI1Z6GAxUjh68BHWfAD3oQ9QF6BAgAEAQ
北京市,古观象台,古建筑,明,116.428117,39.9061689,古觀象台，舊稱觀星台，位於中華人民共和國北京市東城區建國門立交橋西南，是明朝、清朝及中華民國初年的國家天文台。該天文台建於明朝正統四年，原址為元大都東南角樓舊址，共分為城堡式高台和四合院兩部分。城堡式高台於清代曾兩次向東擴建。台上儀器明清兩代幾經更換，1900年曾一度被全部搶走，1921年全部歸還。,,,,https://www.google.com.hk/imgres?imgurl=https://upload.wikimedia.org/wikipedia/commons/9/98/Old_Planetarium_-_view_from_back.JPG&imgrefurl=https://zh.wikipedia.org/zh-cn/%25E5%258C%2597%25E4%25BA%25AC%25E5%258F%25A4%25E8%25A7%2582%25E8%25B1%25A1%25E5%258F%25B0&h=960&w=1280&tbnid=X1wH61kWrXKt0M&q=%E5%8F%A4%E8%A7%82%E8%B1%A1%E5%8F%B0&tbnh=113&tbnw=150&usg=AI4_-kQEdygqD6sgVRq4h4HHz3HsnAUyUg&vet=1&docid=k9_lv1rdmje3iM&sa=X&ved=2ahUKEwj-4InJ1Z6GAxUdQfUHHQk8B7kQ9QF6BAgJEAQ
北京市,万佛堂、孔水洞石刻及塔,古建筑,隋,115.9851954,39.78535394,万佛堂、孔水洞石刻及塔位于中华人民共和国北京市房山区河北镇万佛堂村内，是一片佛教主题的文物群，由唐代所建的万佛堂、隋唐至金代开凿的孔水洞石刻、辽代花塔和元代 ...,,,,https://www.google.com.hk/imgres?imgurl=https://upload.wikimedia.org/wikipedia/commons/5/52/%25E4%25B8%2587%25E4%25BD%259B%25E5%25A0%2582%25E5%25AF%2586%25E6%25AA%2590%25E5%25A1%2594.jpg&imgrefurl=https://zh.m.wikipedia.org/wiki/File:%25E4%25B8%2587%25E4%25BD%259B%25E5%25A0%2582%25E5%25AF%2586%25E6%25AA%2590%25E5%25A1%2594.jpg&h=4208&w=3120&tbnid=W1GQ3JiMs4PhgM&q=%E4%B8%87%E4%BD%9B%E5%A0%82%E3%80%81%E5%AD%94%E6%B0%B4%E6%B4%9E%E7%9F%B3%E5%88%BB%E5%8F%8A%E5%A1%94&tbnh=150&tbnw=111&usg=AI4_-kTqM5sz4n_cUFVuxJGDhyptDbIMng&vet=1&docid=3rtJ0G-MgQh47M&sa=X&ved=2ahUKEwjH2_XJ1Z6GAxUDh68BHQuRBf8Q9QF6BAgAEAQ
北京市,潭柘寺,古建筑,清,116.0485403,39.87555404,岫云禅寺，通称潭 柘 （ zhè ） 寺，位于中国北京市门头沟区潭柘山山腰，在108国道上。它始建于西晋年间（265年-316年），当时叫嘉福寺，是北京市最早的一座寺庙，民间 ...,,,,
北京市,碧云寺,古建筑,明,116.1871502,39.99568796,地址： 中国福建省龙岩市长汀县腾飞二路 邮政编码: 366300,,,,
北京市,十方普觉寺,古建筑,清,116.2054954,39.99253739,十方普覺寺位於北京市海淀區壽安山南麓，國家植物園內，因寺中臥佛殿供有臥佛銅像而俗稱「臥佛寺」。2001年6月25日被中華人民共和國國務院批准列入第五批全國重點文物 ...,,,,
北京市,景泰陵,古墓葬,明,116.2270359,40.02620771,景泰陵，位于中华人民共和国北京市海淀区，为明景帝朱祁钰的陵墓。该陵墓为朱祁钰去世后明英宗朱祁镇以亲王礼为其建造的陵墓，后曾多次修缮，并达到帝王陵规格，清朝 ...,,,,
北京市,未名湖燕园建筑,近现代重要史迹及代表性建筑,近代,116.3040327,39.99347134,建筑特点. 该建筑群以未名湖为中心，呈四周分布。 主要建筑有西校门、办公楼、图书馆、外文楼、体育馆、南北阁1-6院、岛亭、水塔和男女生宿舍等，全部为仿古建筑风格。建筑 ...,https://www.beijing.gov.cn/renwen/rwzyd/gdwh/wmhyyjzq/202107/W020211103553857410912.jpg,,,https://www.beijing.gov.cn/renwen/rwzyd/gdwh/wmhyyjzq/202107/t20210728_2450599.html
北京市,清华大学早期建筑,近现代重要史迹及代表性建筑,近代,116.3155987,39.99558838,清华大学早期建筑指清华大学校园内的早期建筑，现存有二十座，主要分布在现清华大学校园西区，且皆为1935年以前的建筑。 ... 清华大学早期建筑、未名湖燕园建筑以及武汉大学 ...,https://upload.wikimedia.org/wikipedia/commons/thumb/4/43/%E6%B8%85%E5%8D%8E%E5%9B%AD%E5%B9%BF%E5%9C%BA.JPG/250px-%E6%B8%85%E5%8D%8E%E5%9B%AD%E5%B9%BF%E5%9C%BA.JPG,,,https://zh.wikipedia.org/zh-cn/%E6%B8%85%E5%8D%8E%E5%A4%A7%E5%AD%A6%E6%97%A9%E6%9C%9F%E5%BB%BA%E7%AD%91
北京市,大慧寺,古建筑,明,116.3197963,39.95005598,大慧寺，俗稱大佛寺，位於中華人民共和國北京市海淀區大慧寺路11號，是一座漢傳佛教寺廟。該寺始建於明朝正德八年，曾於萬曆二十年和清朝乾隆二十二年重修，光緒年間之後逐漸荒廢。中華人民共和國成立後，大慧寺建築逐漸湮滅到僅剩一座大悲寶殿。2001年，大慧寺被列為全國重點文物保護單位。,,,,https://www.google.com.hk/imgres?imgurl=https://upload.wikimedia.org/wikipedia/commons/f/f8/Dahui_Temple.jpg&imgrefurl=https://zh.wikipedia.org/zh-cn/%25E5%25A4%25A7%25E6%2585%25A7%25E5%25AF%25BA&h=1155&w=1600&tbnid=k-DKUhExu0LywM&q=%E5%A4%A7%E6%85%A7%E5%AF%BA&tbnh=108&tbnw=150&usg=AI4_-kRY1WuM-wJrnGQ3rMhG5wmiF44HbA&vet=1&docid=OqfqOC-oivN0xM&sa=X&ved=2ahUKEwj52ZDP1Z6GAxUJZvUHHY_MCcEQ9QF6BAgJEAQ
北京市,白云观,古建筑,清,116.337711,39.89826857,白云观，位于北京市西城区西便门外的白云观街9号，是道教全真道三大祖庭之一，也是全真道龙门派的祖庭，自元朝起，为全真道“第一丛林”。,,,,
北京市,金中都水关遗址,古遗址,金,116.352667,39.86140501,地址： 中国北京市丰台区玉林南路 邮政编码: 100054,,,,
北京市,法源寺,古建筑,清,116.3637538,39.88311844,法源寺，又称悯忠寺，位于中国北京市西城区菜市口附近教子胡同的南端，是北京城内现存历史最悠久的佛寺。寺内珍藏了大量佛经、佛像和石刻，目前为中国佛学院和中国佛教 ...,,,,
北京市,先农坛,古建筑,明,116.3875951,39.87537969,先农坛建筑群是明清两代皇帝祭祀先农诸神和太岁诸神和举行亲耕的地方，位于北京市西城区南中轴线西侧，与天坛东西相对，遥相呼应。是全国重点文物保护单位。,,,,
北京市,可园,古建筑,清,116.3954525,39.93507463,东莞可园，位于广东省东莞市莞城可园路32号，始建于清道光三十年（1850年），占地面积2200平方米，是岭南园林的代表，与清晖园、余荫山房、梁园合称清代“岭南四大园林”。,,,,
北京市,景山,古建筑,明,116.3985817,39.92502786,景山公园位于中国北京市西城区的景山前街，西临北海，南与故宫神武门隔街相望，是元、明、清三代的御苑。公园坐落在明清北京城的中轴线上，公园中心的景山，曾是全城的 ...,https://upload.wikimedia.org/wikipedia/commons/9/93/Jingshan_Park_from_north_gate_of_Forbidden_City.jpg,,,https://zh.wikipedia.org/zh-tw/%E6%99%AF%E5%B1%B1%E5%85%AC%E5%9B%AD
北京市,东交民巷使馆建筑群,近现代重要史迹及代表性建筑,近代,116.3999387,39.90097553,东交民巷使馆建筑群位于北京市东城区东交民巷，形成于1901年至1912年，是一个集使馆、教堂、银行、官邸、俱乐部为一体的欧式风格街区。,,,,https://www.google.com.hk/imgres?imgurl=https://upload.wikimedia.org/wikipedia/commons/f/fb/Peking_Corner_of_the_Embassys_1910s.jpg&imgrefurl=https://zh.m.wikipedia.org/wiki/%25E4%25B8%259C%25E4%25BA%25A4%25E6%25B0%2591%25E5%25B7%25B7&h=1025&w=1600&tbnid=2QMt379NpVjvyM&q=%E4%B8%9C%E4%BA%A4%E6%B0%91%E5%B7%B7%E4%BD%BF%E9%A6%86%E5%BB%BA%E7%AD%91%E7%BE%A4&tbnh=96&tbnw=150&usg=AI4_-kRQ_j4cNYO3V5S3F9EAsqplSFUcVA&vet=1&docid=5SbxGerITsexMM&sa=X&ved=2ahUKEwjaicjU1Z6GAxWSia8BHTMgAEcQ9QF6BAgLEAQ
北京市,孚王府,古建筑,清,116.4186913,39.92330464,"孚郡王府在东城区朝阳门内大街137号。最初是怡亲王的新府。因康熙皇帝第十三子怡亲王允祥死后，舍原府改建成贤良寺，皇帝又另赐此地给第二代嗣王弘晓，为和旧府有别，习惯称其为怡亲王新府。当传至第六代袭王载垣，与郑亲王端华等同为顾命大臣，被慈禧皇太后夺爵赐死，府邸被朝廷收回。道光皇帝幼子奕譓道光三十年(1850)封为孚郡王，同治三年(1864)迁出皇宫居住于此称孚郡王府。因其排行第九，俗称九爷府。奕譓死后，过继载澍为嗣，袭贝勒，因而此府也称澍贝勒府。街门原在朝内北小街。今之临街大门是民国年间所辟。为北京市重点保护文物。
孚王府,也叫孚郡王府，最初是怡亲王的新府。该府是世袭递降郡王府，位于东城区朝阳门内大街路北。因康熙皇帝第十三子怡亲王允祥死后，原府改建成贤良寺，皇帝又另赐此地给第二代嗣王弘晓，为与旧府有别，习惯称其为怡亲王新府。当传至第六代袭王载垣，与郑亲王端华等同为顾命大臣，被慈禧皇太后夺爵赐死，府邸被朝廷收回。道光皇帝幼子奕譓（读hui四声）道光三十年封为孚郡王，同治三年迁出皇宫居住于此称孚郡王府。因其排行第九，俗称九爷府。奕譓（读hui四声）死后，过继载澍为嗣，袭贝勒，因而此府也称澍贝",https://r1.visitbeijing.com.cn/vbj-s/2012/1210/20121210035935826.jpg,010-65130828,开放时间:全天,https://s.visitbeijing.com.cn/attraction/101708
北京市,清净化城塔,古建筑,清,116.5093631,39.95143915,清净化城塔，位于北京市朝阳区黄寺大街11号附近西黄寺博物馆内。清乾隆四十七年（1782年）十一月，塔及塔院建成，建筑面积19000平方米。清净化城塔，俗称“六世班禅塔” ...,,,,
北京市,司马台段,古建筑,明,117.250725,40.65071967,它是長城中最險要的一段，東起望京樓，西至後川口，全長5.4公里。長城本建於北齊，現存的建築為明朝時期所建。該長城被鴛鴦湖分為東西兩段，分別有敵 ...,,,,https://www.google.com.hk/imgres?imgurl=https://upload.wikimedia.org/wikipedia/commons/0/00/Simatai_Great_Wall.JPG&imgrefurl=https://zh.m.wikipedia.org/wiki/%25E5%258F%25B8%25E9%25A9%25AC%25E5%258F%25B0%25E9%2595%25BF%25E5%259F%258E&h=1200&w=1600&tbnid=KckHzJPadzPL7M&q=%E5%8F%B8%E9%A9%AC%E5%8F%B0%E6%AE%B5&tbnh=113&tbnw=150&usg=AI4_-kTnCTSm7034O3I4D5KlfAxFMlP3AQ&vet=1&docid=YlvUli8qlZQNcM&sa=X&ved=2ahUKEwi6jP3V1Z6GAxWHdfUHHVOdBTIQ9QF6BAgCEAQ
北京市,上宅遗址,古遗址,新石器时代,117.1148225,40.13927895,上宅遗址，位于北京市平谷区金海湖镇上宅村泃河北岸二级台地上，形成于新时期时代，属于北京地区新石器时代中早期文化遗存。 上宅遗址东西长100米，南北宽50米，面积约5000平方米，文化层厚0.5-4米。 总发掘面积3500余平方米，出土器物3000余件。,,,,https://www.google.com.hk/imgres?imgurl=https://img-rs.huanqiucdn.cn/dp/api/files/image/86f2d6632ae5737e2390c0e34cbf9c6bc5.jpg&imgrefurl=https://www.visitbeijing.com.cn/article/47QoOBBJyTP&h=431&w=767&tbnid=SEygade2SkB00M&q=%E4%B8%8A%E5%AE%85%E9%81%97%E5%9D%80&tbnh=80&tbnw=142&usg=AI4_-kS4pJlYl3Eb5bYlusTnZ-ZfxpRSPg&vet=1&docid=nTUpC3O4PIL6BM&sa=X&ved=2ahUKEwiM5s_W1Z6GAxXVi68BHbhGCa8Q9QF6BAgBEAQ
北京市,醇亲王墓,古墓葬,清,116.0625524,40.08170126,醇親王墓，俗稱七王墳，位於中華人民共和國北京市海淀區蘇家坨地區的妙高山東麓，是清代醇親王奕譞及其福晉葉赫那拉氏的園寢。該園寢始建於同治七年，共修建陰宅和陽宅兩部分。同治十三年基本建成。光緒十六年十一月奕譞病逝後，於光緒十八年葬入。光緒二十五年園寢正式完工。此後園寢建築有所破壞，中華人民共和國成立後陽宅部分為機關所用。,,,,
北京市,长椿寺,古建筑,清,116.357982,39.89104397,长椿寺，位于北京市西城区长椿街9号，是一座汉传佛教寺院。如今该寺是北京宣南文化博物馆的馆址。 长椿寺. 全国重点文物保护单位 · 中华人民共和国国务院公布.,,,,
北京市,智珠寺,古建筑,清,116.3978318,39.92692717,"智珠寺是位於中國北京市東城區嵩祝院23號的一座藏傳佛教格魯派寺院。
嵩祝寺東為法淵寺，西為智珠寺，形成了一組較大規模的佛教寺院群。",,,,
北京市,北京湖广会馆,古建筑,清,116.378176,39.88744382,北京湖广会馆，位于北京市西城区虎坊路3号，是清朝时设在北京的湖广同乡联谊场所。北京湖广会馆戏楼至今仍在演出传统戏曲、曲艺，是北京有名的传统戏楼。,,,,
北京市,双清别墅,近现代重要史迹及代表性建筑,近代,116.1884518,39.98745574,建筑 编辑 · 正厅：别墅东部最北端为正厅，位于梦感亭的正北面。 · 其他房屋：正厅东耳房以东，有三间平房，坐北朝南。 · 防空洞：位于别墅东部南侧的山崖中。 · 藤架： ...,,,,
北京市,原子能“一堆一器”旧址,近现代重要史迹及代表性建筑,近代,116.1370326,39.74779657,原子能“一堆一器”旧址，位于北京市房山区新镇中国原子能科学研究院内，建于1958年，中国第一座重水反应堆和第一台回旋加速器（即“一堆一器”）在此诞生。 原子能“一堆一器”是中国建设的第一项核科技重大设施，它见证了中国核工业从零起步的历史。,,,,https://www.google.com.hk/imgres?imgurl=https://imagepphcloud.thepaper.cn/pph/image/105/620/761.jpg&imgrefurl=https://www.thepaper.cn/newsDetail_forward_10532658&h=1080&w=1080&tbnid=QLpgn5bTifE-BM&q=%E5%8E%9F%E5%AD%90%E8%83%BD%E2%80%9C%E4%B8%80%E5%A0%86%E4%B8%80%E5%99%A8%E2%80%9D%E6%97%A7%E5%9D%80&tbnh=150&tbnw=150&usg=AI4_-kTWekgvRvKdgv1ZkKch5kjhroDqRQ&vet=1&docid=DJq_iRhEfzrVbM&sa=X&ved=2ahUKEwiPmovb1Z6GAxVydvUHHe13CuwQ9QF6BAgBEAQ
北京市,北京站车站大楼,近现代重要史迹及代表性建筑,近代,116.4201988,39.9018139,北京站车站大楼坐南朝北，东西宽218米，南北最大进深124米，建筑面积71054平方米。布局采用中国传统建筑风格的对称结构，中央为高34米的双曲扁壳大厅，两旁钟楼高43米， ...,,,,https://www.google.com.hk/imgres?imgurl=https://upload.wikimedia.org/wikipedia/commons/thumb/e/ea/Beijing_Railway_Station_%252820210521181346%2529.jpg/1200px-Beijing_Railway_Station_%252820210521181346%2529.jpg&imgrefurl=https://zh.m.wikipedia.org/wiki/%25E5%258C%2597%25E4%25BA%25AC%25E7%25AB%2599&h=801&w=1200&tbnid=cXVeGIdy2GlxdM&q=%E5%8C%97%E4%BA%AC%E7%AB%99%E8%BD%A6%E7%AB%99%E5%A4%A7%E6%A5%BC&tbnh=100&tbnw=150&usg=AI4_-kSoRiaHnbN-Qzt8_XxqIFHvAdZQyg&vet=1&docid=-LQR2yUzd8y6kM&sa=X&ved=2ahUKEwi00Pnb1Z6GAxWjZvUHHZmLDwMQ9QF6BAgKEAQ
北京市,宋庆龄儿童科学技术馆,近现代重要史迹及代表性建筑,近代,116.3131374,39.91137814,开放时间周二到周日9.00-17:00 ( 16:30停止进馆) 周五。周六(周末儿童博物饱开放日) 9.00-20:30 ( 20:00停止进馆) 每周一-(法定节日、小长假及黄金国除外)、除夕、正月 ...,,,,
北京市,金门闸,古建筑,清,116.2066374,39.81141713,金门闸 编辑 ... 金门闸，位于河北省保定市涿州市里渠，是清朝在永定河上兴建的水利工程，为第六批全国重点文物保护单位。,,,,
北京市,爨底下村古建筑群,古建筑,清,115.639859,39.99402521,爨底下村，位於北京市門頭溝區齋堂鎮，是一座始建於明朝的古村落。村內至今仍完整保留大量清朝民居。2001年被列為北京市文物保護單位，2006年被列為全國重點文物保護單位。該村還是第一批中國歷史文化名村。另外，在官方公佈的中華人民共和國行政區劃中，該村的名稱為川底下村。,,,,https://www.google.com.hk/imgres?imgurl=https://upload.wikimedia.org/wikipedia/commons/a/a4/Cuandixia_Village.jpg&imgrefurl=https://zh.wikipedia.org/zh-cn/%25E7%2588%25A8%25E5%25BA%2595%25E4%25B8%258B%25E6%259D%2591&h=2304&w=3456&tbnid=tAkmrauRNyIPFM&q=%E7%88%A8%E5%BA%95%E4%B8%8B%E6%9D%91%E5%8F%A4%E5%BB%BA%E7%AD%91%E7%BE%A4&tbnh=100&tbnw=150&usg=AI4_-kTk8pIsc_vyITWjE4r_Rp04IAyagQ&vet=1&docid=qklNgywil95dNM&sa=X&ved=2ahUKEwjJgPXd1Z6GAxVBavUHHcrOAe8Q9QF6BAgJEAQ
北京市,十字寺遗址,古遗址,元,115.8502304,39.72004585,十字寺遗址，位于中华人民共和国北京市房山区周口店镇内的三盆山上，是一座寺庙遗址。 该寺庙始建于晋代，最初为佛寺，曾先后在唐代和元代两次被改为景教寺庙，又两次改回佛寺。 中华民国初年，十字寺被寺内僧人转卖，20世纪50年代时被彻底拆毁，仅剩殿基、柱础和石碑。,,,,https://www.google.com.hk/imgres?imgurl=https://upload.wikimedia.org/wikipedia/commons/b/b6/%25E5%258D%2581%25E5%25AD%2597%25E5%25AF%25BA%25E9%2581%2597%25E5%259D%2580%25E6%2596%2587%25E4%25BF%259D%25E7%25A2%2591.jpg&imgrefurl=https://zh.wikipedia.org/zh-cn/%25E5%258D%2581%25E5%25AD%2597%25E5%25AF%25BA%25E9%2581%2597%25E5%259D%2580&h=780&w=1052&tbnid=OAURAE4TH6J5tM&q=%E5%8D%81%E5%AD%97%E5%AF%BA%E9%81%97%E5%9D%80&tbnh=111&tbnw=150&usg=AI4_-kT0n3epaBsAspZdgfL4d0O5u3aKag&vet=1&docid=r64e0aTc79X7dM&sa=X&ved=2ahUKEwjf0Nne1Z6GAxXUa_UHHTRyCnsQ9QF6BAgMEAQ
北京市,金陵,古墓葬,金,115.9158983,39.74860311,金陵是中国古典文化和风雅文化的代表城市，象征着古典中华文明，有“天下文枢”之称，金陵和罗马并称为“世界古典文明两大中心”，金陵文化在人类历史上产生了极其深远的影响。,,,,/imgres?imgurl=https://www.ourchinastory.com/images/cover/travel-leisure/2021/08/normal/%25E5%258D%2597%25E4%25BA%25AC%25E9%2587%2591%25E9%2599%25B5%25E5%25B0%258F%25E9%258E%25AE_x1.jpg&imgrefurl=https://www.ourchinastory.com/zh/2215/%25E8%2587%25B3%25E6%25BD%25AE%25E7%258E%25A9%25E6%25A8%2582%25EF%25BD%259C%25E5%258D%2597%25E4%25BA%25AC%25E9%2587%2591%25E9%2599%25B5%25E5%25B0%258F%25E9%258E%25AE%2520%25E9%25AB%2594%25E9%25A9%2597%25E5%2585%25AD%25E6%259C%259D%25E5%258F%25A4%25E9%25A2%25A8%25E9%259F%25BB%25E5%2591%25B3&h=628&w=1200&tbnid=HsjJifT_TK5uEM&q=%E9%87%91%E9%99%B5&tbnh=79&tbnw=150&usg=AI4_-kR1TDUnNNs5X1tUaKHRxRDv51mIzg&vet=1&docid=wGWlLurbEA2enM&sa=X&ved=2ahUKEwjp9cLf1Z6GAxXtlK8BHSTLBxgQ9QF6BAgIEAQ
北京市,大觉寺,古建筑,明,116.1003528,40.05137754,敕建大觉禅寺，又称大觉禅寺、西山大觉寺，是位于北京西郊阳台山（旸台山）南麓的一座千年古刹，以清泉、古树、玉兰、环境优雅而闻名。大觉寺始建于辽代，称清水院，金 ...,,,,
北京市,承恩寺,古建筑,明,116.1586897,39.93435719,承恩寺，位於北京市石景山區模式口大街20號，是一座漢傳佛教寺院。,,,,
北京市,辛亥滦州起义纪念园,近现代重要史迹及代表性建筑,民国,116.1745805,40.04749129,辛亥滦州起义纪念园，位于中华人民共和国北京市海淀区温泉镇显龙山南麓（北京老年医院内），是为冯玉祥为纪念滦州起义死难将士于1937年4月建造而成的纪念建筑群。,,,,
北京市,健锐营演武厅,古建筑,清,116.2014678,39.98318433,地址： 中国北京市海淀区香山南路香山红旗村1 邮政编码: 100093,,,,
北京市,静明园,古建筑,清,116.2419793,39.99319029,"静明园位于北京市海淀区玉泉山小东门外,颐和园昆明湖西。占地75公顷，其中水面13公顷。为""三山五园""之一。金代始建芙蓉殿(亦名玉泉行宫)。明正德年间(1506～1521)建上下华严寺。清康熙十九年(1680)建行宫，初名澄心园，三十一年(1692)更名静明园。乾隆年间大规模扩建，形成""静明园十六景""，时为静明园鼎盛时期。
　　玉泉山，金、元以来的“燕京八景”之一，名曰“玉泉垂虹”，清乾隆时改称“泉趵突”，并赐为“天下第一泉”。玉泉山最早的建筑为金章宗避暑之所“芙蓉殿”，称玉泉行宫。玉峰塔，位于玉泉山主峰，为八角七级仿木构楼阁式石塔，高47.7米，""玉峰塔影""为十六景之一;华藏塔，为八角七级密檐式汉白玉石塔;澄照关，关上雉堞相连，高逾6米;楞伽洞，洞中大量清代密宗摩崖造像，艺术价值极高。 至明代正统年间，明英宗在此建上、下华严寺，及金山寺、崇真观、望湖亭等建筑。清康熙十九年(1680年)将玉泉山辟为行宫，名“澄心园”，康熙三十一年(1692年)改名为“静明园”。乾隆十五年(1750年)再次大加修葺，增建了玉峰塔等景观并命名了“静明园十六景”。其中“玉峰塔影”“裂帛湖光”“玉泉趵突”",https://r1.visitbeijing.com.cn/vbj-s/2016/0712/20160712031955451.jpg,暂无,开放时间：不对外开放,https://s.visitbeijing.com.cn/attraction/119057
北京市,万寿寺,古建筑,清,116.3049293,39.94489897,万寿寺位于北京市海淀区万寿寺路121号，是一座汉传佛教寺院，为全国重点文物保护单位，现辟为北京艺术博物馆，为北京市文物局直属单位。,,,,
北京市,清农事试验场旧址,近现代重要史迹及代表性建筑,清,116.3242664,39.93890359,地址： 中国北京市西城区西直门外大街137号北京动物园 邮政编码: 100044,,,,
北京市,月坛,古建筑,明,116.3322994,39.9042342,"月壇是中國古代舉行夕月禮祭祀月的場所，又稱「夕月壇」。早在周代，即已有天子春天祭日、秋天祭月之制。目前僅存的月壇地處北京城西，始建於明朝嘉靖九年，清代重修，是北京九壇八廟之一，到民國初年廢棄。一般稱「月壇」即指此地。
明清北京月壇在今北京市西城區南禮士路以西，月壇北街以南，與其南部的仿古園林組成月壇公園。",,,,
北京市,利玛窦和外国传教士墓地,古墓葬,明,116.3415193,39.92920029,利玛窦和外国传教士墓地，位于北京市西城区车公庄大街6号北京行政学院内，始建于明万历三十九年（1611年），清代以后陆续形成。 利玛窦和外国传教士墓地分为坐北朝南、东西毗连的2个墓院，原建筑现已无存，墓葬均为后砌，非原来形制。,,,,
北京市,国民政府财政部印刷局旧址,近现代重要史迹及代表性建筑,清,116.3511817,39.87519175,國民政府財政部印刷局舊址，即原清度支部印刷局，位於北京市西城區白紙坊街23號，全國重點文物保護單位之一。今為北京印鈔有限公司所在地。,,,,https://www.google.com.hk/imgres?imgurl=http://h.usatour.com.cn/tour/105/head/104636.gif&imgrefurl=http://www.xfwindow.com/landscape/105/guominzhengfucaizhengbuyinshuajujiuzhi.html&h=267&w=400&tbnid=fcRYIejP3FUQfM&q=%E5%9B%BD%E6%B0%91%E6%94%BF%E5%BA%9C%E8%B4%A2%E6%94%BF%E9%83%A8%E5%8D%B0%E5%88%B7%E5%B1%80%E6%97%A7%E5%9D%80&tbnh=83&tbnw=124&usg=AI4_-kTEfGDMI1RSSPykNnZ9KTX8xQ0aBw&vet=1&docid=-1-ia4kv3cQM3M&sa=X&ved=2ahUKEwj4yIvm1Z6GAxX2efUHHQq5AMkQ9QF6BAgAEAQ
北京市,北京鲁迅旧居,近现代重要史迹及代表性建筑,民国,116.352528,39.92443368,"北京市西城区阜成门内宫门口二条19号 ，是鲁迅1924 年至1926年在北京的住所。鲁迅(1881—1936)，原名周树人，浙江绍兴人，中国现代文学家、思想家。鲁迅一生撰写了许多著作，在此期间，他写下了《华盖集》、《续编华盖集》、《坟》、《野草》、《彷徨》等不朽作品，印行了《中国小说史略》、《热风》等著作，同时还主持编辑了《语丝》、《莽原》等周刊杂志。1979年，鲁迅故居被列为北京市文物保护单位。
北京阜成门内西三条21号鲁迅故居，是鲁迅1924年春自己设计改建的，同年5月搬来居住，一直到1926年8月，他离开北京，去到南方。1929年5月和1932年11月，鲁迅两次从上海回北京看望母亲，也是住在这里。",https://r1.visitbeijing.com.cn/vbj-s/2013/0105/20130105030051138.jpg,010-66164080,,https://s.visitbeijing.com.cn/attraction/118052
北京市,报国寺,古建筑,清,116.3534305,39.88898171,峨眉山报国寺、又称“会宗堂”，位于四川省峨嵋山山麓，汉族地区佛教全国重点寺院之一。 峨眉山古建筑群. 报国寺. 全国重点文物保护单位 · 中华人民共和国国务院公布.,,,,
北京市,安徽会馆,古建筑,清,116.3565905,39.88428233,安徽会馆属于同乡会馆，具有浓郁的政治色彩，它是淮军集团成员联络感情、加强封建宗法关系、维护朝中安徽籍官员的利益、维护清廷统治的重要活动场所，只接待在职的州、县级 ...,,,,
北京市,国立蒙藏学校旧址,近现代重要史迹及代表性建筑,清,116.3604715,39.92696776,国立蒙藏学校旧址，位于北京市西城区西单小石虎胡同，原为1913年中华民国蒙藏院开办的蒙藏学校所在地，2006年被列为第六批全国重点文物保护单位，2023年3月28日起以 ...,,,,
北京市,北京国会旧址,近现代重要史迹及代表性建筑,清,116.3624736,39.89950942,北京国会旧址，位于中华人民共和国北京市西城区佟麟阁路26号、宣武门西大街57号的新华通讯社院内，是北洋政府时期国会的众议院所在地（参议院沿用清资政院大楼，在国会 ...,,,,https://www.google.com.hk/imgres?imgurl=https://upload.wikimedia.org/wikipedia/commons/3/32/%25E5%258C%2597%25E4%25BA%25AC%25E5%259B%25BD%25E4%25BC%259A%25E8%25AE%25AE%25E5%259C%25BA%25E6%2597%25A7%25E5%259D%25802018.jpg&imgrefurl=https://zh.wikipedia.org/zh-cn/%25E5%258C%2597%25E4%25BA%25AC%25E5%259B%25BD%25E4%25BC%259A%25E6%2597%25A7%25E5%259D%2580&h=3164&w=5624&tbnid=oAkJ4cWde0oWPM&q=%E5%8C%97%E4%BA%AC%E5%9B%BD%E4%BC%9A%E6%97%A7%E5%9D%80&tbnh=84&tbnw=150&usg=AI4_-kR0sLo2lJzB8KmFlkIh2_x1S6zToQ&vet=1&docid=zZi-cUiG1G_uAM&sa=X&ved=2ahUKEwiAsP3p1Z6GAxXjjq8BHT9FCHwQ9QF6BAgAEAQ
北京市,京师女子师范学堂旧址,近现代重要史迹及代表性建筑,清,116.3651411,39.90294431,地址： 中国北京市西城区新文化街45号 邮政编码: 100032,,,,
北京市,广济寺,古建筑,清,116.3661051,39.92277467,"广济寺位于北京城内西城区阜成门内大街25号，为古代皇家寺院，是中国佛教协会所在地和直属寺院。广济寺是北京著名的""内八刹""之一、北京市文物保护单位、汉族地区全国 ...",,,,
北京市,西什库教堂,近现代重要史迹及代表性建筑,清,116.3727965,39.92238814,西什库天主堂，本名救世主教堂，俗称北堂，位于北京市西城区，是一座天主教堂，1703年开堂，曾经长期作为天主教北京教区的主教座堂，是目前北京最大和最古老的教堂之一 ...,,,,
北京市,德胜门箭楼,古建筑,明,116.3732525,39.94848649,地址： 中国北京市西城区 邮政编码: 100035,,,,https://www.google.com.hk/imgres?imgurl=https://upload.wikimedia.org/wikipedia/commons/8/89/Deshengmen_Northeast_View2022.jpg&imgrefurl=https://zh.wikipedia.org/zh-cn/%25E5%25BE%25B7%25E8%2583%259C%25E9%2597%25A8_(%25E5%258C%2597%25E4%25BA%25AC)&h=1233&w=2191&tbnid=0uIc9F-T7d59WM&q=%E5%BE%B7%E8%83%9C%E9%97%A8%E7%AE%AD%E6%A5%BC&tbnh=84&tbnw=150&usg=AI4_-kQE9-MF-vPVrFK4yStX9_aVyexNRg&vet=1&docid=k-YF3k8wmZZBnM&sa=X&ved=2ahUKEwj0v_Xs1Z6GAxVqjK8BHe62DAIQ9QF6BAgAEAQ
北京市,醇亲王府,古建筑,清,116.3783382,39.94276264,醇亲王府位于后海北沿。前身是清初大学士明珠的宅第。乾隆五十四年封其十一子永瑆为成亲王，并将明珠府赐永瑆。随即按王府规制改建。此府传至毓橚时，被赐予醇亲王奕譞。奕譞的原王府在西城区太平湖东里(今中央音乐学院)。因光绪帝生于此府，成为潜邸，故光绪继位后醇王必须迁出。为区别，醇王原在太平湖的王府称南府，后海北沿的新王府称北府。,https://r1.visitbeijing.com.cn/vbj-s/2013/0108/20130108010010508.jpg,64044205,,https://s.visitbeijing.com.cn/attraction/118071
北京市,北平图书馆旧址,近现代重要史迹及代表性建筑,民国,116.3790905,39.92128308,地址： 中国北京市西城区 邮政编码: 100033,,,,
北京市,关岳庙,古建筑,清,116.3794671,39.94427173,通淮關岳廟位於中國福建省泉州市鯉城區塗門街，歷史悠久，香火鼎盛，遠播菲律賓、新加坡、馬來西亞、日本以及臺灣，是閩南最負盛名的民間信仰活動場所之一。1992年被列為泉州市文物保護單位，2005年被列為福建省文物保護單位。,,,,
北京市,中南海,古建筑,明,116.3830219,39.92229677,中南海位于中国北京市西城区西长安街街道，泛指北京皇城中邻近中海及南海的区域，毗连紫禁城，其占地100公顷，其中水面约50公顷，是中华人民共和国国务院、中共中央 ...,,,,/imgres?imgurl=https://upload.wikimedia.org/wikipedia/commons/thumb/6/6a/%25E4%25B8%25AD%25E5%258D%2597%25E6%25B5%25B7_%25E5%2582%258D%25E6%2599%259A_%25E4%25B8%259C%25E5%258D%2597%25E4%25BE%25A7.jpg/800px-%25E4%25B8%25AD%25E5%258D%2597%25E6%25B5%25B7_%25E5%2582%258D%25E6%2599%259A_%25E4%25B8%259C%25E5%258D%2597%25E4%25BE%25A7.jpg&imgrefurl=https://zh.wikipedia.org/zh-tw/%25E4%25B8%25AD%25E5%258D%2597%25E6%25B5%25B7&h=533&w=800&tbnid=qRVSZtmjEOQzNM&q=%E4%B8%AD%E5%8D%97%E6%B5%B7&tbnh=183&tbnw=275&usg=AI4_-kS59hmz1rC9yhXO-MckRrxD1SFkKQ&vet=1&docid=h4FWUqEsDCV92M&itg=1&sa=X&ved=2ahUKEwiq-onw1Z6GAxXLha8BHWFCAb0Q9QF6BAgIEAM
北京市,大栅栏商业建筑,近现代重要史迹及代表性建筑,清,116.3865399,39.89251957,大栅栏商业建筑指北京前门外大栅栏地区的老字号商铺所使用的建筑，大多沿大栅栏街、廊房头条、廊房二条、廊房三条、珠宝市街等排列。主要包括瑞蚨祥、谦祥益、祥义号门面、 ...,,,,https://www.google.com.hk/imgres?imgurl=https://upload.wikimedia.org/wikipedia/commons/thumb/8/89/Dashala_Enterance_2010.jpg/1200px-Dashala_Enterance_2010.jpg&imgrefurl=https://zh.wikipedia.org/zh-cn/%25E5%25A4%25A7%25E6%25A0%2585%25E6%25A0%258F&h=1355&w=1200&tbnid=suqbB_B6nbhFLM&q=%E5%A4%A7%E6%A0%85%E6%A0%8F%E5%95%86%E4%B8%9A%E5%BB%BA%E7%AD%91&tbnh=150&tbnw=133&usg=AI4_-kTWUtNcN2AjjLI_rxFDR1cawdfrsA&vet=1&docid=wXJ8ecGmdjoLlM&sa=X&ved=2ahUKEwj4seLw1Z6GAxX5afUHHeZcCrEQ9QF6BAgMEAQ
北京市,京师大学堂分科大学旧址,近现代重要史迹及代表性建筑,清,116.394104,39.92398541,京師大學堂分科大學舊址位於北京市東城區安德里北街21號，建於1905至1911年。2006年列入全國重點文物保護單位名單。,https://www.bjdclib.com/ztfw/dhly/historybuilding/202301/W020230116463121888150.jpg,,,https://baike.baidu.com/item/%E4%BA%AC%E5%B8%88%E5%A4%A7%E5%AD%A6%E5%A0%82%E5%88%86%E7%A7%91%E5%A4%A7%E5%AD%A6%E6%97%A7%E5%9D%80/7291748
北京市,孙中山行馆,近现代重要史迹及代表性建筑,民国,116.4046169,39.93225133,北京孙中山行馆 编辑 ... 孙中山行馆，位于北京市东城区张自忠路23号，是孙中山于1924年扶病北上在北京商谈国是所住的行辕，也是孙中山逝世纪念地。,,,,
北京市,元大都城墙遗址,古遗址,元,116.4057309,39.9747243,元大都城垣遗址公园，位于北京市海淀区及朝阳区，是依元大都城垣遗址而兴建的公园。高十多米的城墙遗迹保存至今，北京当地俗称“土城”。,,,,https://www.google.com.hk/imgres?imgurl=https://upload.wikimedia.org/wikipedia/commons/8/86/%25E5%2585%2583%25E5%25A4%25A7%25E9%2583%25BD%25E9%2581%2597%25E5%259D%2580%25E5%2585%25AC%25E5%259B%25AD_-_panoramio.jpg&imgrefurl=https://zh.wikipedia.org/zh-cn/%25E5%2585%2583%25E5%25A4%25A7%25E9%2583%25BD%25E5%259F%258E%25E5%259E%25A3%25E9%2581%2597%25E5%259D%2580%25E5%2585%25AC%25E5%259B%25AD&h=1200&w=1600&tbnid=1fvRB6eCJ1SFKM&q=%E5%85%83%E5%A4%A7%E9%83%BD%E5%9F%8E%E5%A2%99%E9%81%97%E5%9D%80&tbnh=113&tbnw=150&usg=AI4_-kQ41oFj4zZFfq-2onJMqwdVquhm6g&vet=1&docid=YXTZ06kRjFCc5M&sa=X&ved=2ahUKEwi-5_ny1Z6GAxVtc_UHHZJKCosQ9QF6BAgLEAQ
北京市,地坛,古建筑,明,116.4066343,39.95222932,地坛（满语：ᠨᠠ ᡳ ᠮᡠᡍᡩᡝᡥᡠᠨ 转写：na i mukdehun）在中国北京安定门外，是明世宗以后明清两代皇帝每年夏至祭祀土地神的地方，20世纪后逐渐开辟为公园。,,,,/imgres?imgurl=https://www.beijing.gov.cn/gate/big5/www.beijing.gov.cn/renwen/rwzyd/gdwh/dtgy/202107/W020211102642194497923.jpg&imgrefurl=https://www.beijing.gov.cn/gate/big5/www.beijing.gov.cn/renwen/rwzyd/gdwh/dtgy/202107/t20210708_2432076.html&h=250&w=360&tbnid=1qxwV7KeTJJZ9M&q=%E5%9C%B0%E5%9D%9B&tbnh=187&tbnw=270&usg=AI4_-kSj2zwr9ozrPGNQwY4YHlSF0I2mHg&vet=1&docid=Af16dFm1z5LsrM&itg=1&sa=X&ved=2ahUKEwjjxN7z1Z6GAxWMcPUHHcjrAuwQ9QF6BAgIEAM
北京市,协和医学院旧址,近现代重要史迹及代表性建筑,民国,116.4086673,39.90938883,"北京協和醫學院，位於中國北京，1917年由美國洛克菲勒基金會捐資，以約翰霍普金斯大學醫學院為藍本建立，是中國第一所開設八年制臨床醫學專業的醫學院。
1985年後，一度改名為中國協和醫科大學。目前和中國醫學科學院結合，實行一個機構兩塊牌子，隸屬中華人民共和國國家衛生健康委員會，接受國家衛生健康委員會、教育部雙重領導。",,,,https://www.google.com.hk/imgres?imgurl=https://media-cdn.tripadvisor.com/media/daodao/photo-s/04/3b/ba/b9/caption.jpg&imgrefurl=https://cn.tripadvisor.com/LocationPhotoDirectLink-g294212-d1856018-i69915375-Union_Medical_College_Site-Beijing.html&h=366&w=550&tbnid=Utr_YKwLDE8M_M&q=%E5%8D%8F%E5%92%8C%E5%8C%BB%E5%AD%A6%E9%99%A2%E6%97%A7%E5%9D%80&tbnh=89&tbnw=133&usg=AI4_-kQ1G2GVyQkanPEE31cTOWjNkZRDnw&vet=1&docid=SL2EQslA43fnyM&sa=X&ved=2ahUKEwjG0qr01Z6GAxXVma8BHXyGCkwQ9QF6BAgAEAQ
北京市,清陆军部和海军部旧址,近现代重要史迹及代表性建筑,清,116.4088488,39.93230712,清陸軍部和海軍部舊址，即段祺瑞執政府舊址，位於中華人民共和國北京市東城區張自忠路3號，是一處西洋式衙署建築群。該建築群始建於清朝末年，共分東西兩院，起初作為陸軍部和海軍部舊址，在中華民國曾作為總統府、執政府等用途。中華人民共和國成立後為中國人民大學、中國社會科學院所用。2006年，該舊址列為全國重點文物保護單位。,,,,https://www.google.com.hk/imgres?imgurl=https://upload.wikimedia.org/wikipedia/commons/6/6b/%25E5%258E%259F%25E6%25AE%25B5%25E7%25A5%25BA%25E7%2591%259E%25E6%2589%25A7%25E6%2594%25BF%25E5%25BA%259C.jpg&imgrefurl=https://zh.m.wikipedia.org/wiki/%25E6%25AE%25B5%25E7%25A5%25BA%25E7%2591%259E%25E6%2589%25A7%25E6%2594%25BF%25E5%25BA%259C&h=3024&w=4032&tbnid=9rx_djG9iiIzVM&q=%E6%B8%85%E9%99%86%E5%86%9B%E9%83%A8%E5%92%8C%E6%B5%B7%E5%86%9B%E9%83%A8%E6%97%A7%E5%9D%80&tbnh=113&tbnw=150&usg=AI4_-kQvDvOAttZv_zU-2VHfIn9Hmf17RA&vet=1&docid=LadtEEd7s4O1TM&sa=X&ved=2ahUKEwjYv5L11Z6GAxU3h68BHQ-TAH8Q9QF6BAgAEAQ
北京市,柏林寺,古建筑,清,116.4136205,39.94439896,柏林寺，位於中國北京市東城區雍和宮大街戲樓胡同1號，是一座漢傳佛教寺院，也是「京內八剎」之一。,,,,
北京市,亚斯立堂,近现代重要史迹及代表性建筑,清,116.4140877,39.90127241,亞斯立堂（英語：Asbury Church）即北京基督教會崇文門堂，是位於北京市東城區崇文門內後溝胡同丁2號的一所基督教堂，是北京市目前最古老的一座基督教新教教堂，也是一 ...,,,,
北京市,袁崇焕墓和祠,古墓葬,明,116.4316653,39.89357523,袁崇煥紀念館位於北京市東城區東花市斜街廣東義園舊址，是在明末薊遼督師袁崇煥祠和墓的基礎上建立的紀念館。,,,,
北京市,日坛,古建筑,明,116.4372889,39.91562457,日坛位于北京城东部，在今朝阳区建国门地区，周围有使馆区。是中华人民共和国国家3A级旅游景区、全国重点文物保护单位。日坛是中国古代皇帝祭祀太阳的地方，又称“朝日 ...,,,,
北京市,戒台寺,古建筑,辽,116.0798481,39.86849739,"戒台寺，又名戒壇寺，位於北京門頭溝的馬鞍山麓，與潭柘寺相距約為5公里山路。因在中國佛教歷史上擁有規模宏大的戒台而著稱於世。與杭州昭慶寺、泉州開元寺中的戒台並稱中國三大戒台。
1996年，戒台寺被列入是中華人民共和國國務院批准的全國重點文物保護單位。",,,,
北京市,觉生寺,古建筑,清,116.3318658,39.9666375,大鐘寺古鐘博物館，原名覺生寺，因寺內存放永樂大鐘，故又俗稱大鐘寺，位於北京市海淀區北三環西路甲31號，始建於清雍正十一年，本為皇家漢傳佛教寺廟，1985年辟為大鐘寺古鐘博物館，為北京市文物局直屬單位，展示中、外古代鐘鈴共400多件。1996年，覺生寺被中華人民共和國國務院列為全國重點文物保護單位。,,,,
北京市,历代帝王庙,古建筑,明,116.3612126,39.92269025,历代帝王庙 · 北京历代帝王庙，位于北京皇城之内，曾为明清两代皇家祭祀三皇五帝及历代帝王之处。 · 南京历代帝王庙，位于明代南京皇城，为明初皇家祭祀三皇五帝及历代帝王 …,,,,
北京市,南堂,古建筑,清,116.3689114,39.89894951,宣武门天主堂是位于中国北京市西城区前门西大街141号的天主教教堂，也是北京最早设立的天主教教堂，俗称南堂或南天主堂。始建于1605年，现行的三层巴洛克建筑建于1904 ...,,,,
北京市,大高玄殿,古建筑,明,116.3870157,39.92198913,大高玄殿，又稱大高元殿，簡稱高玄殿、大高殿，是一座明清兩代皇家御用道觀，主祀三清、玉帝，位於北京市西城區景山前街北側。因大高玄殿臨街的頭道山門是並排的三座門，故此地地名又俗稱「三座門」。,,,,
北京市,北京鼓楼、钟楼,古建筑,明,116.3897023,39.9393661,北京鼓樓和鐘樓，位於中華人民共和國北京市東城區地安門外大街最北端，是明清北京城的報時建築。兩座樓原建於元朝至元九年，明朝永樂年間於今天的位置重建。此後鼓樓和鐘樓多次被毀又多次重建，每天戌時定更，此後二更至四更時每個時辰敲一次鍾，寅時亮更。,,,,https://www.google.com.hk/imgres?imgurl=https://upload.wikimedia.org/wikipedia/commons/thumb/c/ca/The_Drum_Tower_in_Beijing.jpg/1200px-The_Drum_Tower_in_Beijing.jpg&imgrefurl=https://zh.wikipedia.org/zh-cn/%25E5%258C%2597%25E4%25BA%25AC%25E9%25BC%2593%25E6%25A5%25BC%25E5%2592%258C%25E9%2592%259F%25E6%25A5%25BC&h=800&w=1200&tbnid=hQ9nIrCgXREOnM&q=%E5%8C%97%E4%BA%AC%E9%BC%93%E6%A5%BC%E3%80%81%E9%92%9F%E6%A5%BC&tbnh=100&tbnw=150&usg=AI4_-kSji3eoCWHDVv_SdqKfPVFzTnbN7Q&vet=1&docid=pZjSFmxOcXBrsM&sa=X&ved=2ahUKEwjo-IL91Z6GAxWUia8BHeGmCoYQ9QF6BAgAEAQ
北京市,北京东岳庙,古建筑,元,116.4378761,39.92489325,北京东岳庙，位于中国北京市朝阳区朝阳门外大街141号，是道教正一派在华北地区的第一大丛林，现同时为北京民俗博物馆。庙内保存了大量各具特色的道教建筑和历代碑刻， ...,,,,
